/*
Navicat MySQL Data Transfer

Source Server         : MY LOCALHOST
Source Server Version : 50508
Source Host           : localhost:3306
Source Database       : manifest_system

Target Server Type    : MYSQL
Target Server Version : 50508
File Encoding         : 65001

Date: 2014-10-08 13:36:35
*/

SET FOREIGN_KEY_CHECKS=0;

-- ----------------------------
-- Table structure for `customer`
-- ----------------------------
DROP TABLE IF EXISTS `customer`;
CREATE TABLE `customer` (
  `cust_id` int(11) NOT NULL AUTO_INCREMENT,
  `address` varchar(255) DEFAULT NULL,
  `type` enum('shipper','consignee') DEFAULT NULL,
  PRIMARY KEY (`cust_id`)
) ENGINE=InnoDB DEFAULT CHARSET=utf8;

-- ----------------------------
-- Records of customer
-- ----------------------------

-- ----------------------------
-- Table structure for `file_upload`
-- ----------------------------
DROP TABLE IF EXISTS `file_upload`;
CREATE TABLE `file_upload` (
  `file_id` int(10) NOT NULL AUTO_INCREMENT,
  `date` datetime DEFAULT NULL,
  `name` varchar(255) DEFAULT NULL,
  `user` int(10) DEFAULT NULL,
  PRIMARY KEY (`file_id`)
) ENGINE=InnoDB AUTO_INCREMENT=30 DEFAULT CHARSET=utf8;

-- ----------------------------
-- Records of file_upload
-- ----------------------------
INSERT INTO `file_upload` VALUES ('1', '2014-10-05 19:59:16', 'MANIFEST_DATA8.xlsx', '12313');
INSERT INTO `file_upload` VALUES ('2', '2014-10-05 20:03:20', 'MANIFEST_DATA9.xlsx', '12313');
INSERT INTO `file_upload` VALUES ('3', '2014-10-05 20:04:02', 'MANIFEST_DATA10.xlsx', '12313');
INSERT INTO `file_upload` VALUES ('4', '2014-10-05 20:04:16', 'MANIFEST_DATA11.xlsx', '12313');
INSERT INTO `file_upload` VALUES ('5', '2014-10-05 20:04:42', 'MANIFEST_DATA12.xlsx', '12313');
INSERT INTO `file_upload` VALUES ('6', '2014-10-05 20:05:30', 'MANIFEST_DATA13.xlsx', '12313');
INSERT INTO `file_upload` VALUES ('7', '2014-10-05 20:05:40', 'MANIFEST_DATA14.xlsx', '12313');
INSERT INTO `file_upload` VALUES ('8', '2014-10-05 20:07:17', 'MANIFEST_DATA15.xlsx', '12313');
INSERT INTO `file_upload` VALUES ('9', '2014-10-05 20:07:50', 'MANIFEST_DATA16.xlsx', '12313');
INSERT INTO `file_upload` VALUES ('10', '2014-10-05 20:08:02', 'MANIFEST_DATA17.xlsx', '12313');
INSERT INTO `file_upload` VALUES ('11', '2014-10-05 20:08:26', 'MANIFEST_DATA18.xlsx', '12313');
INSERT INTO `file_upload` VALUES ('12', '2014-10-05 20:08:34', 'MANIFEST_DATA19.xlsx', '12313');
INSERT INTO `file_upload` VALUES ('13', '2014-10-05 20:13:05', 'MANIFEST_DATA20.xlsx', '12313');
INSERT INTO `file_upload` VALUES ('14', '2014-10-05 20:13:23', 'MANIFEST_DATA21.xlsx', '12313');
INSERT INTO `file_upload` VALUES ('15', '2014-10-05 20:26:39', 'MANIFEST_DATA22.xlsx', '12313');
INSERT INTO `file_upload` VALUES ('16', '2014-10-05 20:30:08', 'MANIFEST_DATA23.xlsx', '12313');
INSERT INTO `file_upload` VALUES ('17', '2014-10-05 20:31:17', 'MANIFEST_DATA24.xlsx', '12313');
INSERT INTO `file_upload` VALUES ('18', '2014-10-05 20:47:25', 'MANIFEST_DATA25.xlsx', '12313');
INSERT INTO `file_upload` VALUES ('19', '2014-10-05 20:48:25', 'MANIFEST_DATA26.xlsx', '12313');
INSERT INTO `file_upload` VALUES ('20', '2014-10-05 20:50:51', 'MANIFEST_DATA27.xlsx', '12313');
INSERT INTO `file_upload` VALUES ('21', '2014-10-05 20:51:52', 'MANIFEST_DATA28.xlsx', '12313');
INSERT INTO `file_upload` VALUES ('22', '2014-10-05 20:54:04', 'MANIFEST_DATA29.xlsx', '12313');
INSERT INTO `file_upload` VALUES ('23', '2014-10-05 20:55:04', 'MANIFEST_DATA30.xlsx', '12313');
INSERT INTO `file_upload` VALUES ('24', '2014-10-05 20:57:12', 'MANIFEST_DATA31.xlsx', '12313');
INSERT INTO `file_upload` VALUES ('25', '2014-10-05 20:58:12', 'MANIFEST_DATA32.xlsx', '12313');
INSERT INTO `file_upload` VALUES ('26', '2014-10-05 21:01:45', 'MANIFEST_DATA33.xlsx', '12313');
INSERT INTO `file_upload` VALUES ('27', '2014-10-06 15:39:23', 'MANIFEST_DATA34.xlsx', '12313');
INSERT INTO `file_upload` VALUES ('28', '2014-10-06 15:40:44', 'MANIFEST_DATA.xlsx', '12313');
INSERT INTO `file_upload` VALUES ('29', '2014-10-06 17:38:07', 'MANIFEST_DATA1.xlsx', '12313');

-- ----------------------------
-- Table structure for `manifest_data`
-- ----------------------------
DROP TABLE IF EXISTS `manifest_data`;
CREATE TABLE `manifest_data` (
  `data_id` int(11) NOT NULL AUTO_INCREMENT,
  `manifest_id` int(11) NOT NULL DEFAULT '0',
  `file_id` int(11) DEFAULT NULL,
  `flight_no` varchar(255) DEFAULT NULL,
  `hawb_no` varchar(255) DEFAULT NULL,
  `shipper` varchar(255) DEFAULT NULL,
  `consignee` varchar(255) DEFAULT NULL,
  `pkg` varchar(255) DEFAULT NULL,
  `desciption` varchar(255) DEFAULT NULL,
  `pcs` varchar(255) DEFAULT NULL,
  `kg` varchar(255) DEFAULT NULL,
  `value` varchar(255) DEFAULT NULL,
  `pp` varchar(255) DEFAULT NULL,
  `cc` varchar(255) DEFAULT NULL,
  `remaks` varchar(255) DEFAULT NULL,
  PRIMARY KEY (`data_id`,`manifest_id`)
) ENGINE=InnoDB AUTO_INCREMENT=1019 DEFAULT CHARSET=utf8;

-- ----------------------------
-- Records of manifest_data
-- ----------------------------
INSERT INTO `manifest_data` VALUES ('1', '22', '26', 'JKT-A08', 'PC14392301', 'HENGFENG SHOES MATERIALS CO.LTD 1', 'MR. WONG 1', '1', 'BUCKLES WITH BOCO', '1000', '7.6', '0.65', null, '3879', '900/425/KG');
INSERT INTO `manifest_data` VALUES ('2', '22', '26', 'JKT-A08', 'PC14392302', 'HENGFENG SHOES MATERIALS CO.LTD 2', 'MR. WONG 2', '1', 'BUCKLES WITH BOCO', '1000', '7.6', '0.65', null, '3879', '900/425/KG');
INSERT INTO `manifest_data` VALUES ('3', '22', '26', 'JKT-A08', 'PC14392303', 'HENGFENG SHOES MATERIALS CO.LTD 3', 'MR. WONG 3', '1', 'BUCKLES WITH BOCO', '1000', '7.6', '0.65', null, '3879', '900/425/KG');
INSERT INTO `manifest_data` VALUES ('4', '22', '26', 'JKT-A08', 'PC14392304', 'HENGFENG SHOES MATERIALS CO.LTD 4', 'MR. WONG 4', '1', 'BUCKLES WITH BOCO', '1000', '7.6', '0.65', null, '3879', '900/425/KG');
INSERT INTO `manifest_data` VALUES ('5', '22', '26', 'JKT-A08', 'PC14392305', 'HENGFENG SHOES MATERIALS CO.LTD 5', 'MR. WONG 5', '1', 'BUCKLES WITH BOCO', '1000', '7.6', '0.65', null, '3879', '900/425/KG');
INSERT INTO `manifest_data` VALUES ('6', '22', '26', 'JKT-A08', 'PC14392306', 'HENGFENG SHOES MATERIALS CO.LTD 6', 'MR. WONG 6', '1', 'BUCKLES WITH BOCO', '1000', '7.6', '0.65', null, '3879', '900/425/KG');
INSERT INTO `manifest_data` VALUES ('7', '22', '26', 'JKT-A08', 'PC14392301', 'HENGFENG SHOES MATERIALS CO.LTD 1', 'MR. WONG 1', '1', 'BUCKLES WITH BOCO', '1000', '7.6', '0.65', null, '3879', '900/425/KG');
INSERT INTO `manifest_data` VALUES ('8', '22', '26', 'JKT-A08', 'PC14392302', 'HENGFENG SHOES MATERIALS CO.LTD 2', 'MR. WONG 2', '1', 'BUCKLES WITH BOCO', '1000', '7.6', '0.65', null, '3879', '900/425/KG');
INSERT INTO `manifest_data` VALUES ('9', '22', '26', 'JKT-A08', 'PC14392303', 'HENGFENG SHOES MATERIALS CO.LTD 3', 'MR. WONG 3', '1', 'BUCKLES WITH BOCO', '1000', '7.6', '0.65', null, '3879', '900/425/KG');
INSERT INTO `manifest_data` VALUES ('10', '22', '26', 'JKT-A08', 'PC14392304', 'HENGFENG SHOES MATERIALS CO.LTD 4', 'MR. WONG 4', '1', 'BUCKLES WITH BOCO', '1000', '7.6', '0.65', null, '3879', '900/425/KG');
INSERT INTO `manifest_data` VALUES ('11', '22', '26', 'JKT-A08', 'PC14392305', 'HENGFENG SHOES MATERIALS CO.LTD 5', 'MR. WONG 5', '1', 'BUCKLES WITH BOCO', '1000', '7.6', '0.65', null, '3879', '900/425/KG');
INSERT INTO `manifest_data` VALUES ('12', '22', '26', 'JKT-A08', 'PC14392306', 'HENGFENG SHOES MATERIALS CO.LTD 6', 'MR. WONG 6', '1', 'BUCKLES WITH BOCO', '1000', '7.6', '0.65', null, '3879', '900/425/KG');
INSERT INTO `manifest_data` VALUES ('13', '22', '26', 'JKT-A08', 'PC14392301', 'HENGFENG SHOES MATERIALS CO.LTD 1', 'MR. WONG 1', '1', 'BUCKLES WITH BOCO', '1000', '7.6', '0.65', null, '3879', '900/425/KG');
INSERT INTO `manifest_data` VALUES ('14', '22', '26', 'JKT-A08', 'PC14392302', 'HENGFENG SHOES MATERIALS CO.LTD 2', 'MR. WONG 2', '1', 'BUCKLES WITH BOCO', '1000', '7.6', '0.65', null, '3879', '900/425/KG');
INSERT INTO `manifest_data` VALUES ('15', '22', '26', 'JKT-A08', 'PC14392303', 'HENGFENG SHOES MATERIALS CO.LTD 3', 'MR. WONG 3', '1', 'BUCKLES WITH BOCO', '1000', '7.6', '0.65', null, '3879', '900/425/KG');
INSERT INTO `manifest_data` VALUES ('16', '22', '26', 'JKT-A08', 'PC14392304', 'HENGFENG SHOES MATERIALS CO.LTD 4', 'MR. WONG 4', '1', 'BUCKLES WITH BOCO', '1000', '7.6', '0.65', null, '3879', '900/425/KG');
INSERT INTO `manifest_data` VALUES ('17', '22', '26', 'JKT-A08', 'PC14392305', 'HENGFENG SHOES MATERIALS CO.LTD 5', 'MR. WONG 5', '1', 'BUCKLES WITH BOCO', '1000', '7.6', '0.65', null, '3879', '900/425/KG');
INSERT INTO `manifest_data` VALUES ('18', '22', '26', 'JKT-A08', 'PC14392306', 'HENGFENG SHOES MATERIALS CO.LTD 6', 'MR. WONG 6', '1', 'BUCKLES WITH BOCO', '1000', '7.6', '0.65', null, '3879', '900/425/KG');
INSERT INTO `manifest_data` VALUES ('19', '22', '26', 'JKT-A08', 'PC14392301', 'HENGFENG SHOES MATERIALS CO.LTD 1', 'MR. WONG 1', '1', 'BUCKLES WITH BOCO', '1000', '7.6', '0.65', null, '3879', '900/425/KG');
INSERT INTO `manifest_data` VALUES ('20', '22', '26', 'JKT-A08', 'PC14392302', 'HENGFENG SHOES MATERIALS CO.LTD 2', 'MR. WONG 2', '1', 'BUCKLES WITH BOCO', '1000', '7.6', '0.65', null, '3879', '900/425/KG');
INSERT INTO `manifest_data` VALUES ('21', '22', '26', 'JKT-A08', 'PC14392303', 'HENGFENG SHOES MATERIALS CO.LTD 3', 'MR. WONG 3', '1', 'BUCKLES WITH BOCO', '1000', '7.6', '0.65', null, '3879', '900/425/KG');
INSERT INTO `manifest_data` VALUES ('22', '22', '26', 'JKT-A08', 'PC14392304', 'HENGFENG SHOES MATERIALS CO.LTD 4', 'MR. WONG 4', '1', 'BUCKLES WITH BOCO', '1000', '7.6', '0.65', null, '3879', '900/425/KG');
INSERT INTO `manifest_data` VALUES ('23', '22', '26', 'JKT-A08', 'PC14392305', 'HENGFENG SHOES MATERIALS CO.LTD 5', 'MR. WONG 5', '1', 'BUCKLES WITH BOCO', '1000', '7.6', '0.65', null, '3879', '900/425/KG');
INSERT INTO `manifest_data` VALUES ('24', '22', '26', 'JKT-A08', 'PC14392306', 'HENGFENG SHOES MATERIALS CO.LTD 6', 'MR. WONG 6', '1', 'BUCKLES WITH BOCO', '1000', '7.6', '0.65', null, '3879', '900/425/KG');
INSERT INTO `manifest_data` VALUES ('25', '22', '26', 'JKT-A08', 'PC14392301', 'HENGFENG SHOES MATERIALS CO.LTD 1', 'MR. WONG 1', '1', 'BUCKLES WITH BOCO', '1000', '7.6', '0.65', null, '3879', '900/425/KG');
INSERT INTO `manifest_data` VALUES ('26', '22', '26', 'JKT-A08', 'PC14392302', 'HENGFENG SHOES MATERIALS CO.LTD 2', 'MR. WONG 2', '1', 'BUCKLES WITH BOCO', '1000', '7.6', '0.65', null, '3879', '900/425/KG');
INSERT INTO `manifest_data` VALUES ('27', '22', '26', 'JKT-A08', 'PC14392303', 'HENGFENG SHOES MATERIALS CO.LTD 3', 'MR. WONG 3', '1', 'BUCKLES WITH BOCO', '1000', '7.6', '0.65', null, '3879', '900/425/KG');
INSERT INTO `manifest_data` VALUES ('28', '22', '26', 'JKT-A08', 'PC14392304', 'HENGFENG SHOES MATERIALS CO.LTD 4', 'MR. WONG 4', '1', 'BUCKLES WITH BOCO', '1000', '7.6', '0.65', null, '3879', '900/425/KG');
INSERT INTO `manifest_data` VALUES ('29', '22', '26', 'JKT-A08', 'PC14392305', 'HENGFENG SHOES MATERIALS CO.LTD 5', 'MR. WONG 5', '1', 'BUCKLES WITH BOCO', '1000', '7.6', '0.65', null, '3879', '900/425/KG');
INSERT INTO `manifest_data` VALUES ('30', '22', '26', 'JKT-A08', 'PC14392306', 'HENGFENG SHOES MATERIALS CO.LTD 6', 'MR. WONG 6', '1', 'BUCKLES WITH BOCO', '1000', '7.6', '0.65', null, '3879', '900/425/KG');
INSERT INTO `manifest_data` VALUES ('31', '22', '26', 'JKT-A08', 'PC14392301', 'HENGFENG SHOES MATERIALS CO.LTD 1', 'MR. WONG 1', '1', 'BUCKLES WITH BOCO', '1000', '7.6', '0.65', null, '3879', '900/425/KG');
INSERT INTO `manifest_data` VALUES ('32', '22', '26', 'JKT-A08', 'PC14392302', 'HENGFENG SHOES MATERIALS CO.LTD 2', 'MR. WONG 2', '1', 'BUCKLES WITH BOCO', '1000', '7.6', '0.65', null, '3879', '900/425/KG');
INSERT INTO `manifest_data` VALUES ('33', '22', '26', 'JKT-A08', 'PC14392303', 'HENGFENG SHOES MATERIALS CO.LTD 3', 'MR. WONG 3', '1', 'BUCKLES WITH BOCO', '1000', '7.6', '0.65', null, '3879', '900/425/KG');
INSERT INTO `manifest_data` VALUES ('34', '22', '26', 'JKT-A08', 'PC14392304', 'HENGFENG SHOES MATERIALS CO.LTD 4', 'MR. WONG 4', '1', 'BUCKLES WITH BOCO', '1000', '7.6', '0.65', null, '3879', '900/425/KG');
INSERT INTO `manifest_data` VALUES ('35', '22', '26', 'JKT-A08', 'PC14392305', 'HENGFENG SHOES MATERIALS CO.LTD 5', 'MR. WONG 5', '1', 'BUCKLES WITH BOCO', '1000', '7.6', '0.65', null, '3879', '900/425/KG');
INSERT INTO `manifest_data` VALUES ('36', '22', '26', 'JKT-A08', 'PC14392306', 'HENGFENG SHOES MATERIALS CO.LTD 6', 'MR. WONG 6', '1', 'BUCKLES WITH BOCO', '1000', '7.6', '0.65', null, '3879', '900/425/KG');
INSERT INTO `manifest_data` VALUES ('37', '22', '26', 'JKT-A08', 'PC14392301', 'HENGFENG SHOES MATERIALS CO.LTD 1', 'MR. WONG 1', '1', 'BUCKLES WITH BOCO', '1000', '7.6', '0.65', null, '3879', '900/425/KG');
INSERT INTO `manifest_data` VALUES ('38', '22', '26', 'JKT-A08', 'PC14392302', 'HENGFENG SHOES MATERIALS CO.LTD 2', 'MR. WONG 2', '1', 'BUCKLES WITH BOCO', '1000', '7.6', '0.65', null, '3879', '900/425/KG');
INSERT INTO `manifest_data` VALUES ('39', '22', '26', 'JKT-A08', 'PC14392303', 'HENGFENG SHOES MATERIALS CO.LTD 3', 'MR. WONG 3', '1', 'BUCKLES WITH BOCO', '1000', '7.6', '0.65', null, '3879', '900/425/KG');
INSERT INTO `manifest_data` VALUES ('40', '22', '26', 'JKT-A08', 'PC14392304', 'HENGFENG SHOES MATERIALS CO.LTD 4', 'MR. WONG 4', '1', 'BUCKLES WITH BOCO', '1000', '7.6', '0.65', null, '3879', '900/425/KG');
INSERT INTO `manifest_data` VALUES ('41', '22', '26', 'JKT-A08', 'PC14392305', 'HENGFENG SHOES MATERIALS CO.LTD 5', 'MR. WONG 5', '1', 'BUCKLES WITH BOCO', '1000', '7.6', '0.65', null, '3879', '900/425/KG');
INSERT INTO `manifest_data` VALUES ('42', '22', '26', 'JKT-A08', 'PC14392306', 'HENGFENG SHOES MATERIALS CO.LTD 6', 'MR. WONG 6', '1', 'BUCKLES WITH BOCO', '1000', '7.6', '0.65', null, '3879', '900/425/KG');
INSERT INTO `manifest_data` VALUES ('43', '22', '26', 'JKT-A08', 'PC14392301', 'HENGFENG SHOES MATERIALS CO.LTD 1', 'MR. WONG 1', '1', 'BUCKLES WITH BOCO', '1000', '7.6', '0.65', null, '3879', '900/425/KG');
INSERT INTO `manifest_data` VALUES ('44', '22', '26', 'JKT-A08', 'PC14392302', 'HENGFENG SHOES MATERIALS CO.LTD 2', 'MR. WONG 2', '1', 'BUCKLES WITH BOCO', '1000', '7.6', '0.65', null, '3879', '900/425/KG');
INSERT INTO `manifest_data` VALUES ('45', '22', '26', 'JKT-A08', 'PC14392303', 'HENGFENG SHOES MATERIALS CO.LTD 3', 'MR. WONG 3', '1', 'BUCKLES WITH BOCO', '1000', '7.6', '0.65', null, '3879', '900/425/KG');
INSERT INTO `manifest_data` VALUES ('46', '22', '26', 'JKT-A08', 'PC14392304', 'HENGFENG SHOES MATERIALS CO.LTD 4', 'MR. WONG 4', '1', 'BUCKLES WITH BOCO', '1000', '7.6', '0.65', null, '3879', '900/425/KG');
INSERT INTO `manifest_data` VALUES ('47', '22', '26', 'JKT-A08', 'PC14392305', 'HENGFENG SHOES MATERIALS CO.LTD 5', 'MR. WONG 5', '1', 'BUCKLES WITH BOCO', '1000', '7.6', '0.65', null, '3879', '900/425/KG');
INSERT INTO `manifest_data` VALUES ('48', '22', '26', 'JKT-A08', 'PC14392306', 'HENGFENG SHOES MATERIALS CO.LTD 6', 'MR. WONG 6', '1', 'BUCKLES WITH BOCO', '1000', '7.6', '0.65', null, '3879', '900/425/KG');
INSERT INTO `manifest_data` VALUES ('49', '22', '26', 'JKT-A08', 'PC14392301', 'HENGFENG SHOES MATERIALS CO.LTD 1', 'MR. WONG 1', '1', 'BUCKLES WITH BOCO', '1000', '7.6', '0.65', null, '3879', '900/425/KG');
INSERT INTO `manifest_data` VALUES ('50', '22', '26', 'JKT-A08', 'PC14392302', 'HENGFENG SHOES MATERIALS CO.LTD 2', 'MR. WONG 2', '1', 'BUCKLES WITH BOCO', '1000', '7.6', '0.65', null, '3879', '900/425/KG');
INSERT INTO `manifest_data` VALUES ('51', '22', '26', 'JKT-A08', 'PC14392303', 'HENGFENG SHOES MATERIALS CO.LTD 3', 'MR. WONG 3', '1', 'BUCKLES WITH BOCO', '1000', '7.6', '0.65', null, '3879', '900/425/KG');
INSERT INTO `manifest_data` VALUES ('52', '22', '26', 'JKT-A08', 'PC14392304', 'HENGFENG SHOES MATERIALS CO.LTD 4', 'MR. WONG 4', '1', 'BUCKLES WITH BOCO', '1000', '7.6', '0.65', null, '3879', '900/425/KG');
INSERT INTO `manifest_data` VALUES ('53', '22', '26', 'JKT-A08', 'PC14392305', 'HENGFENG SHOES MATERIALS CO.LTD 5', 'MR. WONG 5', '1', 'BUCKLES WITH BOCO', '1000', '7.6', '0.65', null, '3879', '900/425/KG');
INSERT INTO `manifest_data` VALUES ('54', '22', '26', 'JKT-A08', 'PC14392306', 'HENGFENG SHOES MATERIALS CO.LTD 6', 'MR. WONG 6', '1', 'BUCKLES WITH BOCO', '1000', '7.6', '0.65', null, '3879', '900/425/KG');
INSERT INTO `manifest_data` VALUES ('55', '22', '26', 'JKT-A08', 'PC14392301', 'HENGFENG SHOES MATERIALS CO.LTD 1', 'MR. WONG 1', '1', 'BUCKLES WITH BOCO', '1000', '7.6', '0.65', null, '3879', '900/425/KG');
INSERT INTO `manifest_data` VALUES ('56', '22', '26', 'JKT-A08', 'PC14392302', 'HENGFENG SHOES MATERIALS CO.LTD 2', 'MR. WONG 2', '1', 'BUCKLES WITH BOCO', '1000', '7.6', '0.65', null, '3879', '900/425/KG');
INSERT INTO `manifest_data` VALUES ('57', '22', '26', 'JKT-A08', 'PC14392303', 'HENGFENG SHOES MATERIALS CO.LTD 3', 'MR. WONG 3', '1', 'BUCKLES WITH BOCO', '1000', '7.6', '0.65', null, '3879', '900/425/KG');
INSERT INTO `manifest_data` VALUES ('58', '22', '26', 'JKT-A08', 'PC14392304', 'HENGFENG SHOES MATERIALS CO.LTD 4', 'MR. WONG 4', '1', 'BUCKLES WITH BOCO', '1000', '7.6', '0.65', null, '3879', '900/425/KG');
INSERT INTO `manifest_data` VALUES ('59', '22', '26', 'JKT-A08', 'PC14392305', 'HENGFENG SHOES MATERIALS CO.LTD 5', 'MR. WONG 5', '1', 'BUCKLES WITH BOCO', '1000', '7.6', '0.65', null, '3879', '900/425/KG');
INSERT INTO `manifest_data` VALUES ('60', '22', '26', 'JKT-A08', 'PC14392306', 'HENGFENG SHOES MATERIALS CO.LTD 6', 'MR. WONG 6', '1', 'BUCKLES WITH BOCO', '1000', '7.6', '0.65', null, '3879', '900/425/KG');
INSERT INTO `manifest_data` VALUES ('61', '22', '26', 'JKT-A08', 'PC14392301', 'HENGFENG SHOES MATERIALS CO.LTD 1', 'MR. WONG 1', '1', 'BUCKLES WITH BOCO', '1000', '7.6', '0.65', null, '3879', '900/425/KG');
INSERT INTO `manifest_data` VALUES ('62', '22', '26', 'JKT-A08', 'PC14392302', 'HENGFENG SHOES MATERIALS CO.LTD 2', 'MR. WONG 2', '1', 'BUCKLES WITH BOCO', '1000', '7.6', '0.65', null, '3879', '900/425/KG');
INSERT INTO `manifest_data` VALUES ('63', '22', '26', 'JKT-A08', 'PC14392303', 'HENGFENG SHOES MATERIALS CO.LTD 3', 'MR. WONG 3', '1', 'BUCKLES WITH BOCO', '1000', '7.6', '0.65', null, '3879', '900/425/KG');
INSERT INTO `manifest_data` VALUES ('64', '22', '26', 'JKT-A08', 'PC14392304', 'HENGFENG SHOES MATERIALS CO.LTD 4', 'MR. WONG 4', '1', 'BUCKLES WITH BOCO', '1000', '7.6', '0.65', null, '3879', '900/425/KG');
INSERT INTO `manifest_data` VALUES ('65', '22', '26', 'JKT-A08', 'PC14392305', 'HENGFENG SHOES MATERIALS CO.LTD 5', 'MR. WONG 5', '1', 'BUCKLES WITH BOCO', '1000', '7.6', '0.65', null, '3879', '900/425/KG');
INSERT INTO `manifest_data` VALUES ('66', '22', '26', 'JKT-A08', 'PC14392306', 'HENGFENG SHOES MATERIALS CO.LTD 6', 'MR. WONG 6', '1', 'BUCKLES WITH BOCO', '1000', '7.6', '0.65', null, '3879', '900/425/KG');
INSERT INTO `manifest_data` VALUES ('67', '22', '26', 'JKT-A08', 'PC14392301', 'HENGFENG SHOES MATERIALS CO.LTD 1', 'MR. WONG 1', '1', 'BUCKLES WITH BOCO', '1000', '7.6', '0.65', null, '3879', '900/425/KG');
INSERT INTO `manifest_data` VALUES ('68', '22', '26', 'JKT-A08', 'PC14392302', 'HENGFENG SHOES MATERIALS CO.LTD 2', 'MR. WONG 2', '1', 'BUCKLES WITH BOCO', '1000', '7.6', '0.65', null, '3879', '900/425/KG');
INSERT INTO `manifest_data` VALUES ('69', '22', '26', 'JKT-A08', 'PC14392303', 'HENGFENG SHOES MATERIALS CO.LTD 3', 'MR. WONG 3', '1', 'BUCKLES WITH BOCO', '1000', '7.6', '0.65', null, '3879', '900/425/KG');
INSERT INTO `manifest_data` VALUES ('70', '22', '26', 'JKT-A08', 'PC14392304', 'HENGFENG SHOES MATERIALS CO.LTD 4', 'MR. WONG 4', '1', 'BUCKLES WITH BOCO', '1000', '7.6', '0.65', null, '3879', '900/425/KG');
INSERT INTO `manifest_data` VALUES ('71', '22', '26', 'JKT-A08', 'PC14392305', 'HENGFENG SHOES MATERIALS CO.LTD 5', 'MR. WONG 5', '1', 'BUCKLES WITH BOCO', '1000', '7.6', '0.65', null, '3879', '900/425/KG');
INSERT INTO `manifest_data` VALUES ('72', '22', '26', 'JKT-A08', 'PC14392306', 'HENGFENG SHOES MATERIALS CO.LTD 6', 'MR. WONG 6', '1', 'BUCKLES WITH BOCO', '1000', '7.6', '0.65', null, '3879', '900/425/KG');
INSERT INTO `manifest_data` VALUES ('73', '22', '26', 'JKT-A08', 'PC14392301', 'HENGFENG SHOES MATERIALS CO.LTD 1', 'MR. WONG 1', '1', 'BUCKLES WITH BOCO', '1000', '7.6', '0.65', null, '3879', '900/425/KG');
INSERT INTO `manifest_data` VALUES ('74', '22', '26', 'JKT-A08', 'PC14392302', 'HENGFENG SHOES MATERIALS CO.LTD 2', 'MR. WONG 2', '1', 'BUCKLES WITH BOCO', '1000', '7.6', '0.65', null, '3879', '900/425/KG');
INSERT INTO `manifest_data` VALUES ('75', '22', '26', 'JKT-A08', 'PC14392303', 'HENGFENG SHOES MATERIALS CO.LTD 3', 'MR. WONG 3', '1', 'BUCKLES WITH BOCO', '1000', '7.6', '0.65', null, '3879', '900/425/KG');
INSERT INTO `manifest_data` VALUES ('76', '22', '26', 'JKT-A08', 'PC14392304', 'HENGFENG SHOES MATERIALS CO.LTD 4', 'MR. WONG 4', '1', 'BUCKLES WITH BOCO', '1000', '7.6', '0.65', null, '3879', '900/425/KG');
INSERT INTO `manifest_data` VALUES ('77', '22', '26', 'JKT-A08', 'PC14392305', 'HENGFENG SHOES MATERIALS CO.LTD 5', 'MR. WONG 5', '1', 'BUCKLES WITH BOCO', '1000', '7.6', '0.65', null, '3879', '900/425/KG');
INSERT INTO `manifest_data` VALUES ('78', '22', '26', 'JKT-A08', 'PC14392306', 'HENGFENG SHOES MATERIALS CO.LTD 6', 'MR. WONG 6', '1', 'BUCKLES WITH BOCO', '1000', '7.6', '0.65', null, '3879', '900/425/KG');
INSERT INTO `manifest_data` VALUES ('79', '22', '26', 'JKT-A08', 'PC14392301', 'HENGFENG SHOES MATERIALS CO.LTD 1', 'MR. WONG 1', '1', 'BUCKLES WITH BOCO', '1000', '7.6', '0.65', null, '3879', '900/425/KG');
INSERT INTO `manifest_data` VALUES ('80', '22', '26', 'JKT-A08', 'PC14392302', 'HENGFENG SHOES MATERIALS CO.LTD 2', 'MR. WONG 2', '1', 'BUCKLES WITH BOCO', '1000', '7.6', '0.65', null, '3879', '900/425/KG');
INSERT INTO `manifest_data` VALUES ('81', '22', '26', 'JKT-A08', 'PC14392303', 'HENGFENG SHOES MATERIALS CO.LTD 3', 'MR. WONG 3', '1', 'BUCKLES WITH BOCO', '1000', '7.6', '0.65', null, '3879', '900/425/KG');
INSERT INTO `manifest_data` VALUES ('82', '22', '26', 'JKT-A08', 'PC14392304', 'HENGFENG SHOES MATERIALS CO.LTD 4', 'MR. WONG 4', '1', 'BUCKLES WITH BOCO', '1000', '7.6', '0.65', null, '3879', '900/425/KG');
INSERT INTO `manifest_data` VALUES ('83', '22', '26', 'JKT-A08', 'PC14392305', 'HENGFENG SHOES MATERIALS CO.LTD 5', 'MR. WONG 5', '1', 'BUCKLES WITH BOCO', '1000', '7.6', '0.65', null, '3879', '900/425/KG');
INSERT INTO `manifest_data` VALUES ('84', '22', '26', 'JKT-A08', 'PC14392306', 'HENGFENG SHOES MATERIALS CO.LTD 6', 'MR. WONG 6', '1', 'BUCKLES WITH BOCO', '1000', '7.6', '0.65', null, '3879', '900/425/KG');
INSERT INTO `manifest_data` VALUES ('85', '22', '26', 'JKT-A08', 'PC14392301', 'HENGFENG SHOES MATERIALS CO.LTD 1', 'MR. WONG 1', '1', 'BUCKLES WITH BOCO', '1000', '7.6', '0.65', null, '3879', '900/425/KG');
INSERT INTO `manifest_data` VALUES ('86', '22', '26', 'JKT-A08', 'PC14392302', 'HENGFENG SHOES MATERIALS CO.LTD 2', 'MR. WONG 2', '1', 'BUCKLES WITH BOCO', '1000', '7.6', '0.65', null, '3879', '900/425/KG');
INSERT INTO `manifest_data` VALUES ('87', '22', '26', 'JKT-A08', 'PC14392303', 'HENGFENG SHOES MATERIALS CO.LTD 3', 'MR. WONG 3', '1', 'BUCKLES WITH BOCO', '1000', '7.6', '0.65', null, '3879', '900/425/KG');
INSERT INTO `manifest_data` VALUES ('88', '22', '26', 'JKT-A08', 'PC14392304', 'HENGFENG SHOES MATERIALS CO.LTD 4', 'MR. WONG 4', '1', 'BUCKLES WITH BOCO', '1000', '7.6', '0.65', null, '3879', '900/425/KG');
INSERT INTO `manifest_data` VALUES ('89', '22', '26', 'JKT-A08', 'PC14392305', 'HENGFENG SHOES MATERIALS CO.LTD 5', 'MR. WONG 5', '1', 'BUCKLES WITH BOCO', '1000', '7.6', '0.65', null, '3879', '900/425/KG');
INSERT INTO `manifest_data` VALUES ('90', '22', '26', 'JKT-A08', 'PC14392306', 'HENGFENG SHOES MATERIALS CO.LTD 6', 'MR. WONG 6', '1', 'BUCKLES WITH BOCO', '1000', '7.6', '0.65', null, '3879', '900/425/KG');
INSERT INTO `manifest_data` VALUES ('91', '22', '26', 'JKT-A08', 'PC14392301', 'HENGFENG SHOES MATERIALS CO.LTD 1', 'MR. WONG 1', '1', 'BUCKLES WITH BOCO', '1000', '7.6', '0.65', null, '3879', '900/425/KG');
INSERT INTO `manifest_data` VALUES ('92', '22', '26', 'JKT-A08', 'PC14392302', 'HENGFENG SHOES MATERIALS CO.LTD 2', 'MR. WONG 2', '1', 'BUCKLES WITH BOCO', '1000', '7.6', '0.65', null, '3879', '900/425/KG');
INSERT INTO `manifest_data` VALUES ('93', '22', '26', 'JKT-A08', 'PC14392303', 'HENGFENG SHOES MATERIALS CO.LTD 3', 'MR. WONG 3', '1', 'BUCKLES WITH BOCO', '1000', '7.6', '0.65', null, '3879', '900/425/KG');
INSERT INTO `manifest_data` VALUES ('94', '22', '26', 'JKT-A08', 'PC14392304', 'HENGFENG SHOES MATERIALS CO.LTD 4', 'MR. WONG 4', '1', 'BUCKLES WITH BOCO', '1000', '7.6', '0.65', null, '3879', '900/425/KG');
INSERT INTO `manifest_data` VALUES ('95', '22', '26', 'JKT-A08', 'PC14392305', 'HENGFENG SHOES MATERIALS CO.LTD 5', 'MR. WONG 5', '1', 'BUCKLES WITH BOCO', '1000', '7.6', '0.65', null, '3879', '900/425/KG');
INSERT INTO `manifest_data` VALUES ('96', '22', '26', 'JKT-A08', 'PC14392306', 'HENGFENG SHOES MATERIALS CO.LTD 6', 'MR. WONG 6', '1', 'BUCKLES WITH BOCO', '1000', '7.6', '0.65', null, '3879', '900/425/KG');
INSERT INTO `manifest_data` VALUES ('97', '22', '26', 'JKT-A08', 'PC14392301', 'HENGFENG SHOES MATERIALS CO.LTD 1', 'MR. WONG 1', '1', 'BUCKLES WITH BOCO', '1000', '7.6', '0.65', null, '3879', '900/425/KG');
INSERT INTO `manifest_data` VALUES ('98', '22', '26', 'JKT-A08', 'PC14392302', 'HENGFENG SHOES MATERIALS CO.LTD 2', 'MR. WONG 2', '1', 'BUCKLES WITH BOCO', '1000', '7.6', '0.65', null, '3879', '900/425/KG');
INSERT INTO `manifest_data` VALUES ('99', '22', '26', 'JKT-A08', 'PC14392303', 'HENGFENG SHOES MATERIALS CO.LTD 3', 'MR. WONG 3', '1', 'BUCKLES WITH BOCO', '1000', '7.6', '0.65', null, '3879', '900/425/KG');
INSERT INTO `manifest_data` VALUES ('100', '22', '26', 'JKT-A08', 'PC14392304', 'HENGFENG SHOES MATERIALS CO.LTD 4', 'MR. WONG 4', '1', 'BUCKLES WITH BOCO', '1000', '7.6', '0.65', null, '3879', '900/425/KG');
INSERT INTO `manifest_data` VALUES ('101', '22', '26', 'JKT-A08', 'PC14392305', 'HENGFENG SHOES MATERIALS CO.LTD 5', 'MR. WONG 5', '1', 'BUCKLES WITH BOCO', '1000', '7.6', '0.65', null, '3879', '900/425/KG');
INSERT INTO `manifest_data` VALUES ('102', '22', '26', 'JKT-A08', 'PC14392306', 'HENGFENG SHOES MATERIALS CO.LTD 6', 'MR. WONG 6', '1', 'BUCKLES WITH BOCO', '1000', '7.6', '0.65', null, '3879', '900/425/KG');
INSERT INTO `manifest_data` VALUES ('103', '22', '26', 'JKT-A08', 'PC14392301', 'HENGFENG SHOES MATERIALS CO.LTD 1', 'MR. WONG 1', '1', 'BUCKLES WITH BOCO', '1000', '7.6', '0.65', null, '3879', '900/425/KG');
INSERT INTO `manifest_data` VALUES ('104', '22', '26', 'JKT-A08', 'PC14392302', 'HENGFENG SHOES MATERIALS CO.LTD 2', 'MR. WONG 2', '1', 'BUCKLES WITH BOCO', '1000', '7.6', '0.65', null, '3879', '900/425/KG');
INSERT INTO `manifest_data` VALUES ('105', '22', '26', 'JKT-A08', 'PC14392303', 'HENGFENG SHOES MATERIALS CO.LTD 3', 'MR. WONG 3', '1', 'BUCKLES WITH BOCO', '1000', '7.6', '0.65', null, '3879', '900/425/KG');
INSERT INTO `manifest_data` VALUES ('106', '22', '26', 'JKT-A08', 'PC14392304', 'HENGFENG SHOES MATERIALS CO.LTD 4', 'MR. WONG 4', '1', 'BUCKLES WITH BOCO', '1000', '7.6', '0.65', null, '3879', '900/425/KG');
INSERT INTO `manifest_data` VALUES ('107', '22', '26', 'JKT-A08', 'PC14392305', 'HENGFENG SHOES MATERIALS CO.LTD 5', 'MR. WONG 5', '1', 'BUCKLES WITH BOCO', '1000', '7.6', '0.65', null, '3879', '900/425/KG');
INSERT INTO `manifest_data` VALUES ('108', '22', '26', 'JKT-A08', 'PC14392306', 'HENGFENG SHOES MATERIALS CO.LTD 6', 'MR. WONG 6', '1', 'BUCKLES WITH BOCO', '1000', '7.6', '0.65', null, '3879', '900/425/KG');
INSERT INTO `manifest_data` VALUES ('109', '22', '26', 'JKT-A08', 'PC14392301', 'HENGFENG SHOES MATERIALS CO.LTD 1', 'MR. WONG 1', '1', 'BUCKLES WITH BOCO', '1000', '7.6', '0.65', null, '3879', '900/425/KG');
INSERT INTO `manifest_data` VALUES ('110', '22', '26', 'JKT-A08', 'PC14392302', 'HENGFENG SHOES MATERIALS CO.LTD 2', 'MR. WONG 2', '1', 'BUCKLES WITH BOCO', '1000', '7.6', '0.65', null, '3879', '900/425/KG');
INSERT INTO `manifest_data` VALUES ('111', '22', '26', 'JKT-A08', 'PC14392303', 'HENGFENG SHOES MATERIALS CO.LTD 3', 'MR. WONG 3', '1', 'BUCKLES WITH BOCO', '1000', '7.6', '0.65', null, '3879', '900/425/KG');
INSERT INTO `manifest_data` VALUES ('112', '22', '26', 'JKT-A08', 'PC14392304', 'HENGFENG SHOES MATERIALS CO.LTD 4', 'MR. WONG 4', '1', 'BUCKLES WITH BOCO', '1000', '7.6', '0.65', null, '3879', '900/425/KG');
INSERT INTO `manifest_data` VALUES ('113', '22', '26', 'JKT-A08', 'PC14392305', 'HENGFENG SHOES MATERIALS CO.LTD 5', 'MR. WONG 5', '1', 'BUCKLES WITH BOCO', '1000', '7.6', '0.65', null, '3879', '900/425/KG');
INSERT INTO `manifest_data` VALUES ('114', '22', '26', 'JKT-A08', 'PC14392306', 'HENGFENG SHOES MATERIALS CO.LTD 6', 'MR. WONG 6', '1', 'BUCKLES WITH BOCO', '1000', '7.6', '0.65', null, '3879', '900/425/KG');
INSERT INTO `manifest_data` VALUES ('115', '22', '26', 'JKT-A08', 'PC14392301', 'HENGFENG SHOES MATERIALS CO.LTD 1', 'MR. WONG 1', '1', 'BUCKLES WITH BOCO', '1000', '7.6', '0.65', null, '3879', '900/425/KG');
INSERT INTO `manifest_data` VALUES ('116', '22', '26', 'JKT-A08', 'PC14392302', 'HENGFENG SHOES MATERIALS CO.LTD 2', 'MR. WONG 2', '1', 'BUCKLES WITH BOCO', '1000', '7.6', '0.65', null, '3879', '900/425/KG');
INSERT INTO `manifest_data` VALUES ('117', '22', '26', 'JKT-A08', 'PC14392303', 'HENGFENG SHOES MATERIALS CO.LTD 3', 'MR. WONG 3', '1', 'BUCKLES WITH BOCO', '1000', '7.6', '0.65', null, '3879', '900/425/KG');
INSERT INTO `manifest_data` VALUES ('118', '22', '26', 'JKT-A08', 'PC14392304', 'HENGFENG SHOES MATERIALS CO.LTD 4', 'MR. WONG 4', '1', 'BUCKLES WITH BOCO', '1000', '7.6', '0.65', null, '3879', '900/425/KG');
INSERT INTO `manifest_data` VALUES ('119', '22', '26', 'JKT-A08', 'PC14392305', 'HENGFENG SHOES MATERIALS CO.LTD 5', 'MR. WONG 5', '1', 'BUCKLES WITH BOCO', '1000', '7.6', '0.65', null, '3879', '900/425/KG');
INSERT INTO `manifest_data` VALUES ('120', '22', '26', 'JKT-A08', 'PC14392306', 'HENGFENG SHOES MATERIALS CO.LTD 6', 'MR. WONG 6', '1', 'BUCKLES WITH BOCO', '1000', '7.6', '0.65', null, '3879', '900/425/KG');
INSERT INTO `manifest_data` VALUES ('121', '22', '26', 'JKT-A08', 'PC14392301', 'HENGFENG SHOES MATERIALS CO.LTD 1', 'MR. WONG 1', '1', 'BUCKLES WITH BOCO', '1000', '7.6', '0.65', null, '3879', '900/425/KG');
INSERT INTO `manifest_data` VALUES ('122', '22', '26', 'JKT-A08', 'PC14392302', 'HENGFENG SHOES MATERIALS CO.LTD 2', 'MR. WONG 2', '1', 'BUCKLES WITH BOCO', '1000', '7.6', '0.65', null, '3879', '900/425/KG');
INSERT INTO `manifest_data` VALUES ('123', '22', '26', 'JKT-A08', 'PC14392303', 'HENGFENG SHOES MATERIALS CO.LTD 3', 'MR. WONG 3', '1', 'BUCKLES WITH BOCO', '1000', '7.6', '0.65', null, '3879', '900/425/KG');
INSERT INTO `manifest_data` VALUES ('124', '22', '26', 'JKT-A08', 'PC14392304', 'HENGFENG SHOES MATERIALS CO.LTD 4', 'MR. WONG 4', '1', 'BUCKLES WITH BOCO', '1000', '7.6', '0.65', null, '3879', '900/425/KG');
INSERT INTO `manifest_data` VALUES ('125', '22', '26', 'JKT-A08', 'PC14392305', 'HENGFENG SHOES MATERIALS CO.LTD 5', 'MR. WONG 5', '1', 'BUCKLES WITH BOCO', '1000', '7.6', '0.65', null, '3879', '900/425/KG');
INSERT INTO `manifest_data` VALUES ('126', '22', '26', 'JKT-A08', 'PC14392306', 'HENGFENG SHOES MATERIALS CO.LTD 6', 'MR. WONG 6', '1', 'BUCKLES WITH BOCO', '1000', '7.6', '0.65', null, '3879', '900/425/KG');
INSERT INTO `manifest_data` VALUES ('127', '22', '26', 'JKT-A08', 'PC14392301', 'HENGFENG SHOES MATERIALS CO.LTD 1', 'MR. WONG 1', '1', 'BUCKLES WITH BOCO', '1000', '7.6', '0.65', null, '3879', '900/425/KG');
INSERT INTO `manifest_data` VALUES ('128', '22', '26', 'JKT-A08', 'PC14392302', 'HENGFENG SHOES MATERIALS CO.LTD 2', 'MR. WONG 2', '1', 'BUCKLES WITH BOCO', '1000', '7.6', '0.65', null, '3879', '900/425/KG');
INSERT INTO `manifest_data` VALUES ('129', '22', '26', 'JKT-A08', 'PC14392303', 'HENGFENG SHOES MATERIALS CO.LTD 3', 'MR. WONG 3', '1', 'BUCKLES WITH BOCO', '1000', '7.6', '0.65', null, '3879', '900/425/KG');
INSERT INTO `manifest_data` VALUES ('130', '22', '26', 'JKT-A08', 'PC14392304', 'HENGFENG SHOES MATERIALS CO.LTD 4', 'MR. WONG 4', '1', 'BUCKLES WITH BOCO', '1000', '7.6', '0.65', null, '3879', '900/425/KG');
INSERT INTO `manifest_data` VALUES ('131', '22', '26', 'JKT-A08', 'PC14392305', 'HENGFENG SHOES MATERIALS CO.LTD 5', 'MR. WONG 5', '1', 'BUCKLES WITH BOCO', '1000', '7.6', '0.65', null, '3879', '900/425/KG');
INSERT INTO `manifest_data` VALUES ('132', '22', '26', 'JKT-A08', 'PC14392306', 'HENGFENG SHOES MATERIALS CO.LTD 6', 'MR. WONG 6', '1', 'BUCKLES WITH BOCO', '1000', '7.6', '0.65', null, '3879', '900/425/KG');
INSERT INTO `manifest_data` VALUES ('133', '22', '26', 'JKT-A08', 'PC14392301', 'HENGFENG SHOES MATERIALS CO.LTD 1', 'MR. WONG 1', '1', 'BUCKLES WITH BOCO', '1000', '7.6', '0.65', null, '3879', '900/425/KG');
INSERT INTO `manifest_data` VALUES ('134', '22', '26', 'JKT-A08', 'PC14392302', 'HENGFENG SHOES MATERIALS CO.LTD 2', 'MR. WONG 2', '1', 'BUCKLES WITH BOCO', '1000', '7.6', '0.65', null, '3879', '900/425/KG');
INSERT INTO `manifest_data` VALUES ('135', '22', '26', 'JKT-A08', 'PC14392303', 'HENGFENG SHOES MATERIALS CO.LTD 3', 'MR. WONG 3', '1', 'BUCKLES WITH BOCO', '1000', '7.6', '0.65', null, '3879', '900/425/KG');
INSERT INTO `manifest_data` VALUES ('136', '22', '26', 'JKT-A08', 'PC14392304', 'HENGFENG SHOES MATERIALS CO.LTD 4', 'MR. WONG 4', '1', 'BUCKLES WITH BOCO', '1000', '7.6', '0.65', null, '3879', '900/425/KG');
INSERT INTO `manifest_data` VALUES ('137', '22', '26', 'JKT-A08', 'PC14392305', 'HENGFENG SHOES MATERIALS CO.LTD 5', 'MR. WONG 5', '1', 'BUCKLES WITH BOCO', '1000', '7.6', '0.65', null, '3879', '900/425/KG');
INSERT INTO `manifest_data` VALUES ('138', '22', '26', 'JKT-A08', 'PC14392306', 'HENGFENG SHOES MATERIALS CO.LTD 6', 'MR. WONG 6', '1', 'BUCKLES WITH BOCO', '1000', '7.6', '0.65', null, '3879', '900/425/KG');
INSERT INTO `manifest_data` VALUES ('139', '22', '26', 'JKT-A08', 'PC14392301', 'HENGFENG SHOES MATERIALS CO.LTD 1', 'MR. WONG 1', '1', 'BUCKLES WITH BOCO', '1000', '7.6', '0.65', null, '3879', '900/425/KG');
INSERT INTO `manifest_data` VALUES ('140', '22', '26', 'JKT-A08', 'PC14392302', 'HENGFENG SHOES MATERIALS CO.LTD 2', 'MR. WONG 2', '1', 'BUCKLES WITH BOCO', '1000', '7.6', '0.65', null, '3879', '900/425/KG');
INSERT INTO `manifest_data` VALUES ('141', '22', '26', 'JKT-A08', 'PC14392303', 'HENGFENG SHOES MATERIALS CO.LTD 3', 'MR. WONG 3', '1', 'BUCKLES WITH BOCO', '1000', '7.6', '0.65', null, '3879', '900/425/KG');
INSERT INTO `manifest_data` VALUES ('142', '22', '26', 'JKT-A08', 'PC14392304', 'HENGFENG SHOES MATERIALS CO.LTD 4', 'MR. WONG 4', '1', 'BUCKLES WITH BOCO', '1000', '7.6', '0.65', null, '3879', '900/425/KG');
INSERT INTO `manifest_data` VALUES ('143', '22', '26', 'JKT-A08', 'PC14392305', 'HENGFENG SHOES MATERIALS CO.LTD 5', 'MR. WONG 5', '1', 'BUCKLES WITH BOCO', '1000', '7.6', '0.65', null, '3879', '900/425/KG');
INSERT INTO `manifest_data` VALUES ('144', '22', '26', 'JKT-A08', 'PC14392306', 'HENGFENG SHOES MATERIALS CO.LTD 6', 'MR. WONG 6', '1', 'BUCKLES WITH BOCO', '1000', '7.6', '0.65', null, '3879', '900/425/KG');
INSERT INTO `manifest_data` VALUES ('145', '22', '26', 'JKT-A08', 'PC14392301', 'HENGFENG SHOES MATERIALS CO.LTD 1', 'MR. WONG 1', '1', 'BUCKLES WITH BOCO', '1000', '7.6', '0.65', null, '3879', '900/425/KG');
INSERT INTO `manifest_data` VALUES ('146', '22', '26', 'JKT-A08', 'PC14392302', 'HENGFENG SHOES MATERIALS CO.LTD 2', 'MR. WONG 2', '1', 'BUCKLES WITH BOCO', '1000', '7.6', '0.65', null, '3879', '900/425/KG');
INSERT INTO `manifest_data` VALUES ('147', '22', '26', 'JKT-A08', 'PC14392303', 'HENGFENG SHOES MATERIALS CO.LTD 3', 'MR. WONG 3', '1', 'BUCKLES WITH BOCO', '1000', '7.6', '0.65', null, '3879', '900/425/KG');
INSERT INTO `manifest_data` VALUES ('148', '22', '26', 'JKT-A08', 'PC14392304', 'HENGFENG SHOES MATERIALS CO.LTD 4', 'MR. WONG 4', '1', 'BUCKLES WITH BOCO', '1000', '7.6', '0.65', null, '3879', '900/425/KG');
INSERT INTO `manifest_data` VALUES ('149', '22', '26', 'JKT-A08', 'PC14392305', 'HENGFENG SHOES MATERIALS CO.LTD 5', 'MR. WONG 5', '1', 'BUCKLES WITH BOCO', '1000', '7.6', '0.65', null, '3879', '900/425/KG');
INSERT INTO `manifest_data` VALUES ('150', '22', '26', 'JKT-A08', 'PC14392306', 'HENGFENG SHOES MATERIALS CO.LTD 6', 'MR. WONG 6', '1', 'BUCKLES WITH BOCO', '1000', '7.6', '0.65', null, '3879', '900/425/KG');
INSERT INTO `manifest_data` VALUES ('151', '22', '26', 'JKT-A08', 'PC14392301', 'HENGFENG SHOES MATERIALS CO.LTD 1', 'MR. WONG 1', '1', 'BUCKLES WITH BOCO', '1000', '7.6', '0.65', null, '3879', '900/425/KG');
INSERT INTO `manifest_data` VALUES ('152', '22', '26', 'JKT-A08', 'PC14392302', 'HENGFENG SHOES MATERIALS CO.LTD 2', 'MR. WONG 2', '1', 'BUCKLES WITH BOCO', '1000', '7.6', '0.65', null, '3879', '900/425/KG');
INSERT INTO `manifest_data` VALUES ('153', '22', '26', 'JKT-A08', 'PC14392303', 'HENGFENG SHOES MATERIALS CO.LTD 3', 'MR. WONG 3', '1', 'BUCKLES WITH BOCO', '1000', '7.6', '0.65', null, '3879', '900/425/KG');
INSERT INTO `manifest_data` VALUES ('154', '22', '26', 'JKT-A08', 'PC14392304', 'HENGFENG SHOES MATERIALS CO.LTD 4', 'MR. WONG 4', '1', 'BUCKLES WITH BOCO', '1000', '7.6', '0.65', null, '3879', '900/425/KG');
INSERT INTO `manifest_data` VALUES ('155', '22', '26', 'JKT-A08', 'PC14392305', 'HENGFENG SHOES MATERIALS CO.LTD 5', 'MR. WONG 5', '1', 'BUCKLES WITH BOCO', '1000', '7.6', '0.65', null, '3879', '900/425/KG');
INSERT INTO `manifest_data` VALUES ('156', '22', '26', 'JKT-A08', 'PC14392306', 'HENGFENG SHOES MATERIALS CO.LTD 6', 'MR. WONG 6', '1', 'BUCKLES WITH BOCO', '1000', '7.6', '0.65', null, '3879', '900/425/KG');
INSERT INTO `manifest_data` VALUES ('157', '22', '26', 'JKT-A08', 'PC14392301', 'HENGFENG SHOES MATERIALS CO.LTD 1', 'MR. WONG 1', '1', 'BUCKLES WITH BOCO', '1000', '7.6', '0.65', null, '3879', '900/425/KG');
INSERT INTO `manifest_data` VALUES ('158', '22', '26', 'JKT-A08', 'PC14392302', 'HENGFENG SHOES MATERIALS CO.LTD 2', 'MR. WONG 2', '1', 'BUCKLES WITH BOCO', '1000', '7.6', '0.65', null, '3879', '900/425/KG');
INSERT INTO `manifest_data` VALUES ('159', '22', '26', 'JKT-A08', 'PC14392303', 'HENGFENG SHOES MATERIALS CO.LTD 3', 'MR. WONG 3', '1', 'BUCKLES WITH BOCO', '1000', '7.6', '0.65', null, '3879', '900/425/KG');
INSERT INTO `manifest_data` VALUES ('160', '22', '26', 'JKT-A08', 'PC14392304', 'HENGFENG SHOES MATERIALS CO.LTD 4', 'MR. WONG 4', '1', 'BUCKLES WITH BOCO', '1000', '7.6', '0.65', null, '3879', '900/425/KG');
INSERT INTO `manifest_data` VALUES ('161', '22', '26', 'JKT-A08', 'PC14392305', 'HENGFENG SHOES MATERIALS CO.LTD 5', 'MR. WONG 5', '1', 'BUCKLES WITH BOCO', '1000', '7.6', '0.65', null, '3879', '900/425/KG');
INSERT INTO `manifest_data` VALUES ('162', '22', '26', 'JKT-A08', 'PC14392306', 'HENGFENG SHOES MATERIALS CO.LTD 6', 'MR. WONG 6', '1', 'BUCKLES WITH BOCO', '1000', '7.6', '0.65', null, '3879', '900/425/KG');
INSERT INTO `manifest_data` VALUES ('163', '22', '26', 'JKT-A08', 'PC14392301', 'HENGFENG SHOES MATERIALS CO.LTD 1', 'MR. WONG 1', '1', 'BUCKLES WITH BOCO', '1000', '7.6', '0.65', null, '3879', '900/425/KG');
INSERT INTO `manifest_data` VALUES ('164', '22', '26', 'JKT-A08', 'PC14392302', 'HENGFENG SHOES MATERIALS CO.LTD 2', 'MR. WONG 2', '1', 'BUCKLES WITH BOCO', '1000', '7.6', '0.65', null, '3879', '900/425/KG');
INSERT INTO `manifest_data` VALUES ('165', '22', '26', 'JKT-A08', 'PC14392303', 'HENGFENG SHOES MATERIALS CO.LTD 3', 'MR. WONG 3', '1', 'BUCKLES WITH BOCO', '1000', '7.6', '0.65', null, '3879', '900/425/KG');
INSERT INTO `manifest_data` VALUES ('166', '22', '26', 'JKT-A08', 'PC14392304', 'HENGFENG SHOES MATERIALS CO.LTD 4', 'MR. WONG 4', '1', 'BUCKLES WITH BOCO', '1000', '7.6', '0.65', null, '3879', '900/425/KG');
INSERT INTO `manifest_data` VALUES ('167', '22', '26', 'JKT-A08', 'PC14392305', 'HENGFENG SHOES MATERIALS CO.LTD 5', 'MR. WONG 5', '1', 'BUCKLES WITH BOCO', '1000', '7.6', '0.65', null, '3879', '900/425/KG');
INSERT INTO `manifest_data` VALUES ('168', '22', '26', 'JKT-A08', 'PC14392306', 'HENGFENG SHOES MATERIALS CO.LTD 6', 'MR. WONG 6', '1', 'BUCKLES WITH BOCO', '1000', '7.6', '0.65', null, '3879', '900/425/KG');
INSERT INTO `manifest_data` VALUES ('169', '22', '26', 'JKT-A08', 'PC14392301', 'HENGFENG SHOES MATERIALS CO.LTD 1', 'MR. WONG 1', '1', 'BUCKLES WITH BOCO', '1000', '7.6', '0.65', null, '3879', '900/425/KG');
INSERT INTO `manifest_data` VALUES ('170', '22', '26', 'JKT-A08', 'PC14392302', 'HENGFENG SHOES MATERIALS CO.LTD 2', 'MR. WONG 2', '1', 'BUCKLES WITH BOCO', '1000', '7.6', '0.65', null, '3879', '900/425/KG');
INSERT INTO `manifest_data` VALUES ('171', '22', '26', 'JKT-A08', 'PC14392303', 'HENGFENG SHOES MATERIALS CO.LTD 3', 'MR. WONG 3', '1', 'BUCKLES WITH BOCO', '1000', '7.6', '0.65', null, '3879', '900/425/KG');
INSERT INTO `manifest_data` VALUES ('172', '22', '26', 'JKT-A08', 'PC14392304', 'HENGFENG SHOES MATERIALS CO.LTD 4', 'MR. WONG 4', '1', 'BUCKLES WITH BOCO', '1000', '7.6', '0.65', null, '3879', '900/425/KG');
INSERT INTO `manifest_data` VALUES ('173', '22', '26', 'JKT-A08', 'PC14392305', 'HENGFENG SHOES MATERIALS CO.LTD 5', 'MR. WONG 5', '1', 'BUCKLES WITH BOCO', '1000', '7.6', '0.65', null, '3879', '900/425/KG');
INSERT INTO `manifest_data` VALUES ('174', '22', '26', 'JKT-A08', 'PC14392306', 'HENGFENG SHOES MATERIALS CO.LTD 6', 'MR. WONG 6', '1', 'BUCKLES WITH BOCO', '1000', '7.6', '0.65', null, '3879', '900/425/KG');
INSERT INTO `manifest_data` VALUES ('175', '22', '26', 'JKT-A08', 'PC14392301', 'HENGFENG SHOES MATERIALS CO.LTD 1', 'MR. WONG 1', '1', 'BUCKLES WITH BOCO', '1000', '7.6', '0.65', null, '3879', '900/425/KG');
INSERT INTO `manifest_data` VALUES ('176', '22', '26', 'JKT-A08', 'PC14392302', 'HENGFENG SHOES MATERIALS CO.LTD 2', 'MR. WONG 2', '1', 'BUCKLES WITH BOCO', '1000', '7.6', '0.65', null, '3879', '900/425/KG');
INSERT INTO `manifest_data` VALUES ('177', '22', '26', 'JKT-A08', 'PC14392303', 'HENGFENG SHOES MATERIALS CO.LTD 3', 'MR. WONG 3', '1', 'BUCKLES WITH BOCO', '1000', '7.6', '0.65', null, '3879', '900/425/KG');
INSERT INTO `manifest_data` VALUES ('178', '22', '26', 'JKT-A08', 'PC14392304', 'HENGFENG SHOES MATERIALS CO.LTD 4', 'MR. WONG 4', '1', 'BUCKLES WITH BOCO', '1000', '7.6', '0.65', null, '3879', '900/425/KG');
INSERT INTO `manifest_data` VALUES ('179', '22', '26', 'JKT-A08', 'PC14392305', 'HENGFENG SHOES MATERIALS CO.LTD 5', 'MR. WONG 5', '1', 'BUCKLES WITH BOCO', '1000', '7.6', '0.65', null, '3879', '900/425/KG');
INSERT INTO `manifest_data` VALUES ('180', '22', '26', 'JKT-A08', 'PC14392306', 'HENGFENG SHOES MATERIALS CO.LTD 6', 'MR. WONG 6', '1', 'BUCKLES WITH BOCO', '1000', '7.6', '0.65', null, '3879', '900/425/KG');
INSERT INTO `manifest_data` VALUES ('181', '22', '26', 'JKT-A08', 'PC14392301', 'HENGFENG SHOES MATERIALS CO.LTD 1', 'MR. WONG 1', '1', 'BUCKLES WITH BOCO', '1000', '7.6', '0.65', null, '3879', '900/425/KG');
INSERT INTO `manifest_data` VALUES ('182', '22', '26', 'JKT-A08', 'PC14392302', 'HENGFENG SHOES MATERIALS CO.LTD 2', 'MR. WONG 2', '1', 'BUCKLES WITH BOCO', '1000', '7.6', '0.65', null, '3879', '900/425/KG');
INSERT INTO `manifest_data` VALUES ('183', '22', '26', 'JKT-A08', 'PC14392303', 'HENGFENG SHOES MATERIALS CO.LTD 3', 'MR. WONG 3', '1', 'BUCKLES WITH BOCO', '1000', '7.6', '0.65', null, '3879', '900/425/KG');
INSERT INTO `manifest_data` VALUES ('184', '22', '26', 'JKT-A08', 'PC14392304', 'HENGFENG SHOES MATERIALS CO.LTD 4', 'MR. WONG 4', '1', 'BUCKLES WITH BOCO', '1000', '7.6', '0.65', null, '3879', '900/425/KG');
INSERT INTO `manifest_data` VALUES ('185', '22', '26', 'JKT-A08', 'PC14392305', 'HENGFENG SHOES MATERIALS CO.LTD 5', 'MR. WONG 5', '1', 'BUCKLES WITH BOCO', '1000', '7.6', '0.65', null, '3879', '900/425/KG');
INSERT INTO `manifest_data` VALUES ('186', '22', '26', 'JKT-A08', 'PC14392306', 'HENGFENG SHOES MATERIALS CO.LTD 6', 'MR. WONG 6', '1', 'BUCKLES WITH BOCO', '1000', '7.6', '0.65', null, '3879', '900/425/KG');
INSERT INTO `manifest_data` VALUES ('187', '22', '26', 'JKT-A08', 'PC14392301', 'HENGFENG SHOES MATERIALS CO.LTD 1', 'MR. WONG 1', '1', 'BUCKLES WITH BOCO', '1000', '7.6', '0.65', null, '3879', '900/425/KG');
INSERT INTO `manifest_data` VALUES ('188', '22', '26', 'JKT-A08', 'PC14392302', 'HENGFENG SHOES MATERIALS CO.LTD 2', 'MR. WONG 2', '1', 'BUCKLES WITH BOCO', '1000', '7.6', '0.65', null, '3879', '900/425/KG');
INSERT INTO `manifest_data` VALUES ('189', '22', '26', 'JKT-A08', 'PC14392303', 'HENGFENG SHOES MATERIALS CO.LTD 3', 'MR. WONG 3', '1', 'BUCKLES WITH BOCO', '1000', '7.6', '0.65', null, '3879', '900/425/KG');
INSERT INTO `manifest_data` VALUES ('190', '22', '26', 'JKT-A08', 'PC14392304', 'HENGFENG SHOES MATERIALS CO.LTD 4', 'MR. WONG 4', '1', 'BUCKLES WITH BOCO', '1000', '7.6', '0.65', null, '3879', '900/425/KG');
INSERT INTO `manifest_data` VALUES ('191', '22', '26', 'JKT-A08', 'PC14392305', 'HENGFENG SHOES MATERIALS CO.LTD 5', 'MR. WONG 5', '1', 'BUCKLES WITH BOCO', '1000', '7.6', '0.65', null, '3879', '900/425/KG');
INSERT INTO `manifest_data` VALUES ('192', '22', '26', 'JKT-A08', 'PC14392306', 'HENGFENG SHOES MATERIALS CO.LTD 6', 'MR. WONG 6', '1', 'BUCKLES WITH BOCO', '1000', '7.6', '0.65', null, '3879', '900/425/KG');
INSERT INTO `manifest_data` VALUES ('193', '22', '26', 'JKT-A08', 'PC14392301', 'HENGFENG SHOES MATERIALS CO.LTD 1', 'MR. WONG 1', '1', 'BUCKLES WITH BOCO', '1000', '7.6', '0.65', null, '3879', '900/425/KG');
INSERT INTO `manifest_data` VALUES ('194', '22', '26', 'JKT-A08', 'PC14392302', 'HENGFENG SHOES MATERIALS CO.LTD 2', 'MR. WONG 2', '1', 'BUCKLES WITH BOCO', '1000', '7.6', '0.65', null, '3879', '900/425/KG');
INSERT INTO `manifest_data` VALUES ('195', '22', '26', 'JKT-A08', 'PC14392303', 'HENGFENG SHOES MATERIALS CO.LTD 3', 'MR. WONG 3', '1', 'BUCKLES WITH BOCO', '1000', '7.6', '0.65', null, '3879', '900/425/KG');
INSERT INTO `manifest_data` VALUES ('196', '22', '26', 'JKT-A08', 'PC14392304', 'HENGFENG SHOES MATERIALS CO.LTD 4', 'MR. WONG 4', '1', 'BUCKLES WITH BOCO', '1000', '7.6', '0.65', null, '3879', '900/425/KG');
INSERT INTO `manifest_data` VALUES ('197', '22', '26', 'JKT-A08', 'PC14392305', 'HENGFENG SHOES MATERIALS CO.LTD 5', 'MR. WONG 5', '1', 'BUCKLES WITH BOCO', '1000', '7.6', '0.65', null, '3879', '900/425/KG');
INSERT INTO `manifest_data` VALUES ('198', '22', '26', 'JKT-A08', 'PC14392306', 'HENGFENG SHOES MATERIALS CO.LTD 6', 'MR. WONG 6', '1', 'BUCKLES WITH BOCO', '1000', '7.6', '0.65', null, '3879', '900/425/KG');
INSERT INTO `manifest_data` VALUES ('199', '22', '26', 'JKT-A08', 'PC14392301', 'HENGFENG SHOES MATERIALS CO.LTD 1', 'MR. WONG 1', '1', 'BUCKLES WITH BOCO', '1000', '7.6', '0.65', null, '3879', '900/425/KG');
INSERT INTO `manifest_data` VALUES ('200', '22', '26', 'JKT-A08', 'PC14392302', 'HENGFENG SHOES MATERIALS CO.LTD 2', 'MR. WONG 2', '1', 'BUCKLES WITH BOCO', '1000', '7.6', '0.65', null, '3879', '900/425/KG');
INSERT INTO `manifest_data` VALUES ('201', '22', '26', 'JKT-A08', 'PC14392303', 'HENGFENG SHOES MATERIALS CO.LTD 3', 'MR. WONG 3', '1', 'BUCKLES WITH BOCO', '1000', '7.6', '0.65', null, '3879', '900/425/KG');
INSERT INTO `manifest_data` VALUES ('202', '22', '26', 'JKT-A08', 'PC14392304', 'HENGFENG SHOES MATERIALS CO.LTD 4', 'MR. WONG 4', '1', 'BUCKLES WITH BOCO', '1000', '7.6', '0.65', null, '3879', '900/425/KG');
INSERT INTO `manifest_data` VALUES ('203', '22', '26', 'JKT-A08', 'PC14392305', 'HENGFENG SHOES MATERIALS CO.LTD 5', 'MR. WONG 5', '1', 'BUCKLES WITH BOCO', '1000', '7.6', '0.65', null, '3879', '900/425/KG');
INSERT INTO `manifest_data` VALUES ('204', '22', '26', 'JKT-A08', 'PC14392306', 'HENGFENG SHOES MATERIALS CO.LTD 6', 'MR. WONG 6', '1', 'BUCKLES WITH BOCO', '1000', '7.6', '0.65', null, '3879', '900/425/KG');
INSERT INTO `manifest_data` VALUES ('205', '22', '26', 'JKT-A08', 'PC14392301', 'HENGFENG SHOES MATERIALS CO.LTD 1', 'MR. WONG 1', '1', 'BUCKLES WITH BOCO', '1000', '7.6', '0.65', null, '3879', '900/425/KG');
INSERT INTO `manifest_data` VALUES ('206', '22', '26', 'JKT-A08', 'PC14392302', 'HENGFENG SHOES MATERIALS CO.LTD 2', 'MR. WONG 2', '1', 'BUCKLES WITH BOCO', '1000', '7.6', '0.65', null, '3879', '900/425/KG');
INSERT INTO `manifest_data` VALUES ('207', '22', '26', 'JKT-A08', 'PC14392303', 'HENGFENG SHOES MATERIALS CO.LTD 3', 'MR. WONG 3', '1', 'BUCKLES WITH BOCO', '1000', '7.6', '0.65', null, '3879', '900/425/KG');
INSERT INTO `manifest_data` VALUES ('208', '22', '26', 'JKT-A08', 'PC14392304', 'HENGFENG SHOES MATERIALS CO.LTD 4', 'MR. WONG 4', '1', 'BUCKLES WITH BOCO', '1000', '7.6', '0.65', null, '3879', '900/425/KG');
INSERT INTO `manifest_data` VALUES ('209', '22', '26', 'JKT-A08', 'PC14392305', 'HENGFENG SHOES MATERIALS CO.LTD 5', 'MR. WONG 5', '1', 'BUCKLES WITH BOCO', '1000', '7.6', '0.65', null, '3879', '900/425/KG');
INSERT INTO `manifest_data` VALUES ('210', '22', '26', 'JKT-A08', 'PC14392306', 'HENGFENG SHOES MATERIALS CO.LTD 6', 'MR. WONG 6', '1', 'BUCKLES WITH BOCO', '1000', '7.6', '0.65', null, '3879', '900/425/KG');
INSERT INTO `manifest_data` VALUES ('211', '22', '26', 'JKT-A08', 'PC14392301', 'HENGFENG SHOES MATERIALS CO.LTD 1', 'MR. WONG 1', '1', 'BUCKLES WITH BOCO', '1000', '7.6', '0.65', null, '3879', '900/425/KG');
INSERT INTO `manifest_data` VALUES ('212', '22', '26', 'JKT-A08', 'PC14392302', 'HENGFENG SHOES MATERIALS CO.LTD 2', 'MR. WONG 2', '1', 'BUCKLES WITH BOCO', '1000', '7.6', '0.65', null, '3879', '900/425/KG');
INSERT INTO `manifest_data` VALUES ('213', '22', '26', 'JKT-A08', 'PC14392303', 'HENGFENG SHOES MATERIALS CO.LTD 3', 'MR. WONG 3', '1', 'BUCKLES WITH BOCO', '1000', '7.6', '0.65', null, '3879', '900/425/KG');
INSERT INTO `manifest_data` VALUES ('214', '22', '26', 'JKT-A08', 'PC14392304', 'HENGFENG SHOES MATERIALS CO.LTD 4', 'MR. WONG 4', '1', 'BUCKLES WITH BOCO', '1000', '7.6', '0.65', null, '3879', '900/425/KG');
INSERT INTO `manifest_data` VALUES ('215', '22', '26', 'JKT-A08', 'PC14392305', 'HENGFENG SHOES MATERIALS CO.LTD 5', 'MR. WONG 5', '1', 'BUCKLES WITH BOCO', '1000', '7.6', '0.65', null, '3879', '900/425/KG');
INSERT INTO `manifest_data` VALUES ('216', '22', '26', 'JKT-A08', 'PC14392306', 'HENGFENG SHOES MATERIALS CO.LTD 6', 'MR. WONG 6', '1', 'BUCKLES WITH BOCO', '1000', '7.6', '0.65', null, '3879', '900/425/KG');
INSERT INTO `manifest_data` VALUES ('217', '22', '26', 'JKT-A08', 'PC14392301', 'HENGFENG SHOES MATERIALS CO.LTD 1', 'MR. WONG 1', '1', 'BUCKLES WITH BOCO', '1000', '7.6', '0.65', null, '3879', '900/425/KG');
INSERT INTO `manifest_data` VALUES ('218', '22', '26', 'JKT-A08', 'PC14392302', 'HENGFENG SHOES MATERIALS CO.LTD 2', 'MR. WONG 2', '1', 'BUCKLES WITH BOCO', '1000', '7.6', '0.65', null, '3879', '900/425/KG');
INSERT INTO `manifest_data` VALUES ('219', '22', '26', 'JKT-A08', 'PC14392303', 'HENGFENG SHOES MATERIALS CO.LTD 3', 'MR. WONG 3', '1', 'BUCKLES WITH BOCO', '1000', '7.6', '0.65', null, '3879', '900/425/KG');
INSERT INTO `manifest_data` VALUES ('220', '22', '26', 'JKT-A08', 'PC14392304', 'HENGFENG SHOES MATERIALS CO.LTD 4', 'MR. WONG 4', '1', 'BUCKLES WITH BOCO', '1000', '7.6', '0.65', null, '3879', '900/425/KG');
INSERT INTO `manifest_data` VALUES ('221', '22', '26', 'JKT-A08', 'PC14392305', 'HENGFENG SHOES MATERIALS CO.LTD 5', 'MR. WONG 5', '1', 'BUCKLES WITH BOCO', '1000', '7.6', '0.65', null, '3879', '900/425/KG');
INSERT INTO `manifest_data` VALUES ('222', '22', '26', 'JKT-A08', 'PC14392306', 'HENGFENG SHOES MATERIALS CO.LTD 6', 'MR. WONG 6', '1', 'BUCKLES WITH BOCO', '1000', '7.6', '0.65', null, '3879', '900/425/KG');
INSERT INTO `manifest_data` VALUES ('223', '22', '26', 'JKT-A08', 'PC14392301', 'HENGFENG SHOES MATERIALS CO.LTD 1', 'MR. WONG 1', '1', 'BUCKLES WITH BOCO', '1000', '7.6', '0.65', null, '3879', '900/425/KG');
INSERT INTO `manifest_data` VALUES ('224', '22', '26', 'JKT-A08', 'PC14392302', 'HENGFENG SHOES MATERIALS CO.LTD 2', 'MR. WONG 2', '1', 'BUCKLES WITH BOCO', '1000', '7.6', '0.65', null, '3879', '900/425/KG');
INSERT INTO `manifest_data` VALUES ('225', '22', '26', 'JKT-A08', 'PC14392303', 'HENGFENG SHOES MATERIALS CO.LTD 3', 'MR. WONG 3', '1', 'BUCKLES WITH BOCO', '1000', '7.6', '0.65', null, '3879', '900/425/KG');
INSERT INTO `manifest_data` VALUES ('226', '22', '26', 'JKT-A08', 'PC14392304', 'HENGFENG SHOES MATERIALS CO.LTD 4', 'MR. WONG 4', '1', 'BUCKLES WITH BOCO', '1000', '7.6', '0.65', null, '3879', '900/425/KG');
INSERT INTO `manifest_data` VALUES ('227', '22', '26', 'JKT-A08', 'PC14392305', 'HENGFENG SHOES MATERIALS CO.LTD 5', 'MR. WONG 5', '1', 'BUCKLES WITH BOCO', '1000', '7.6', '0.65', null, '3879', '900/425/KG');
INSERT INTO `manifest_data` VALUES ('228', '22', '26', 'JKT-A08', 'PC14392306', 'HENGFENG SHOES MATERIALS CO.LTD 6', 'MR. WONG 6', '1', 'BUCKLES WITH BOCO', '1000', '7.6', '0.65', null, '3879', '900/425/KG');
INSERT INTO `manifest_data` VALUES ('229', '22', '26', 'JKT-A08', 'PC14392301', 'HENGFENG SHOES MATERIALS CO.LTD 1', 'MR. WONG 1', '1', 'BUCKLES WITH BOCO', '1000', '7.6', '0.65', null, '3879', '900/425/KG');
INSERT INTO `manifest_data` VALUES ('230', '22', '26', 'JKT-A08', 'PC14392302', 'HENGFENG SHOES MATERIALS CO.LTD 2', 'MR. WONG 2', '1', 'BUCKLES WITH BOCO', '1000', '7.6', '0.65', null, '3879', '900/425/KG');
INSERT INTO `manifest_data` VALUES ('231', '22', '26', 'JKT-A08', 'PC14392303', 'HENGFENG SHOES MATERIALS CO.LTD 3', 'MR. WONG 3', '1', 'BUCKLES WITH BOCO', '1000', '7.6', '0.65', null, '3879', '900/425/KG');
INSERT INTO `manifest_data` VALUES ('232', '22', '26', 'JKT-A08', 'PC14392304', 'HENGFENG SHOES MATERIALS CO.LTD 4', 'MR. WONG 4', '1', 'BUCKLES WITH BOCO', '1000', '7.6', '0.65', null, '3879', '900/425/KG');
INSERT INTO `manifest_data` VALUES ('233', '22', '26', 'JKT-A08', 'PC14392305', 'HENGFENG SHOES MATERIALS CO.LTD 5', 'MR. WONG 5', '1', 'BUCKLES WITH BOCO', '1000', '7.6', '0.65', null, '3879', '900/425/KG');
INSERT INTO `manifest_data` VALUES ('234', '22', '26', 'JKT-A08', 'PC14392306', 'HENGFENG SHOES MATERIALS CO.LTD 6', 'MR. WONG 6', '1', 'BUCKLES WITH BOCO', '1000', '7.6', '0.65', null, '3879', '900/425/KG');
INSERT INTO `manifest_data` VALUES ('235', '22', '26', 'JKT-A08', 'PC14392301', 'HENGFENG SHOES MATERIALS CO.LTD 1', 'MR. WONG 1', '1', 'BUCKLES WITH BOCO', '1000', '7.6', '0.65', null, '3879', '900/425/KG');
INSERT INTO `manifest_data` VALUES ('236', '22', '26', 'JKT-A08', 'PC14392302', 'HENGFENG SHOES MATERIALS CO.LTD 2', 'MR. WONG 2', '1', 'BUCKLES WITH BOCO', '1000', '7.6', '0.65', null, '3879', '900/425/KG');
INSERT INTO `manifest_data` VALUES ('237', '22', '26', 'JKT-A08', 'PC14392303', 'HENGFENG SHOES MATERIALS CO.LTD 3', 'MR. WONG 3', '1', 'BUCKLES WITH BOCO', '1000', '7.6', '0.65', null, '3879', '900/425/KG');
INSERT INTO `manifest_data` VALUES ('238', '22', '26', 'JKT-A08', 'PC14392304', 'HENGFENG SHOES MATERIALS CO.LTD 4', 'MR. WONG 4', '1', 'BUCKLES WITH BOCO', '1000', '7.6', '0.65', null, '3879', '900/425/KG');
INSERT INTO `manifest_data` VALUES ('239', '22', '26', 'JKT-A08', 'PC14392305', 'HENGFENG SHOES MATERIALS CO.LTD 5', 'MR. WONG 5', '1', 'BUCKLES WITH BOCO', '1000', '7.6', '0.65', null, '3879', '900/425/KG');
INSERT INTO `manifest_data` VALUES ('240', '22', '26', 'JKT-A08', 'PC14392306', 'HENGFENG SHOES MATERIALS CO.LTD 6', 'MR. WONG 6', '1', 'BUCKLES WITH BOCO', '1000', '7.6', '0.65', null, '3879', '900/425/KG');
INSERT INTO `manifest_data` VALUES ('241', '22', '26', 'JKT-A08', 'PC14392301', 'HENGFENG SHOES MATERIALS CO.LTD 1', 'MR. WONG 1', '1', 'BUCKLES WITH BOCO', '1000', '7.6', '0.65', null, '3879', '900/425/KG');
INSERT INTO `manifest_data` VALUES ('242', '22', '26', 'JKT-A08', 'PC14392302', 'HENGFENG SHOES MATERIALS CO.LTD 2', 'MR. WONG 2', '1', 'BUCKLES WITH BOCO', '1000', '7.6', '0.65', null, '3879', '900/425/KG');
INSERT INTO `manifest_data` VALUES ('243', '22', '26', 'JKT-A08', 'PC14392303', 'HENGFENG SHOES MATERIALS CO.LTD 3', 'MR. WONG 3', '1', 'BUCKLES WITH BOCO', '1000', '7.6', '0.65', null, '3879', '900/425/KG');
INSERT INTO `manifest_data` VALUES ('244', '22', '26', 'JKT-A08', 'PC14392304', 'HENGFENG SHOES MATERIALS CO.LTD 4', 'MR. WONG 4', '1', 'BUCKLES WITH BOCO', '1000', '7.6', '0.65', null, '3879', '900/425/KG');
INSERT INTO `manifest_data` VALUES ('245', '22', '26', 'JKT-A08', 'PC14392305', 'HENGFENG SHOES MATERIALS CO.LTD 5', 'MR. WONG 5', '1', 'BUCKLES WITH BOCO', '1000', '7.6', '0.65', null, '3879', '900/425/KG');
INSERT INTO `manifest_data` VALUES ('246', '22', '26', 'JKT-A08', 'PC14392306', 'HENGFENG SHOES MATERIALS CO.LTD 6', 'MR. WONG 6', '1', 'BUCKLES WITH BOCO', '1000', '7.6', '0.65', null, '3879', '900/425/KG');
INSERT INTO `manifest_data` VALUES ('247', '22', '26', 'JKT-A08', 'PC14392301', 'HENGFENG SHOES MATERIALS CO.LTD 1', 'MR. WONG 1', '1', 'BUCKLES WITH BOCO', '1000', '7.6', '0.65', null, '3879', '900/425/KG');
INSERT INTO `manifest_data` VALUES ('248', '22', '26', 'JKT-A08', 'PC14392302', 'HENGFENG SHOES MATERIALS CO.LTD 2', 'MR. WONG 2', '1', 'BUCKLES WITH BOCO', '1000', '7.6', '0.65', null, '3879', '900/425/KG');
INSERT INTO `manifest_data` VALUES ('249', '22', '26', 'JKT-A08', 'PC14392303', 'HENGFENG SHOES MATERIALS CO.LTD 3', 'MR. WONG 3', '1', 'BUCKLES WITH BOCO', '1000', '7.6', '0.65', null, '3879', '900/425/KG');
INSERT INTO `manifest_data` VALUES ('250', '22', '26', 'JKT-A08', 'PC14392304', 'HENGFENG SHOES MATERIALS CO.LTD 4', 'MR. WONG 4', '1', 'BUCKLES WITH BOCO', '1000', '7.6', '0.65', null, '3879', '900/425/KG');
INSERT INTO `manifest_data` VALUES ('251', '22', '26', 'JKT-A08', 'PC14392305', 'HENGFENG SHOES MATERIALS CO.LTD 5', 'MR. WONG 5', '1', 'BUCKLES WITH BOCO', '1000', '7.6', '0.65', null, '3879', '900/425/KG');
INSERT INTO `manifest_data` VALUES ('252', '22', '26', 'JKT-A08', 'PC14392306', 'HENGFENG SHOES MATERIALS CO.LTD 6', 'MR. WONG 6', '1', 'BUCKLES WITH BOCO', '1000', '7.6', '0.65', null, '3879', '900/425/KG');
INSERT INTO `manifest_data` VALUES ('253', '22', '26', 'JKT-A08', 'PC14392301', 'HENGFENG SHOES MATERIALS CO.LTD 1', 'MR. WONG 1', '1', 'BUCKLES WITH BOCO', '1000', '7.6', '0.65', null, '3879', '900/425/KG');
INSERT INTO `manifest_data` VALUES ('254', '22', '26', 'JKT-A08', 'PC14392302', 'HENGFENG SHOES MATERIALS CO.LTD 2', 'MR. WONG 2', '1', 'BUCKLES WITH BOCO', '1000', '7.6', '0.65', null, '3879', '900/425/KG');
INSERT INTO `manifest_data` VALUES ('255', '22', '26', 'JKT-A08', 'PC14392303', 'HENGFENG SHOES MATERIALS CO.LTD 3', 'MR. WONG 3', '1', 'BUCKLES WITH BOCO', '1000', '7.6', '0.65', null, '3879', '900/425/KG');
INSERT INTO `manifest_data` VALUES ('256', '22', '26', 'JKT-A08', 'PC14392304', 'HENGFENG SHOES MATERIALS CO.LTD 4', 'MR. WONG 4', '1', 'BUCKLES WITH BOCO', '1000', '7.6', '0.65', null, '3879', '900/425/KG');
INSERT INTO `manifest_data` VALUES ('257', '22', '26', 'JKT-A08', 'PC14392305', 'HENGFENG SHOES MATERIALS CO.LTD 5', 'MR. WONG 5', '1', 'BUCKLES WITH BOCO', '1000', '7.6', '0.65', null, '3879', '900/425/KG');
INSERT INTO `manifest_data` VALUES ('258', '22', '26', 'JKT-A08', 'PC14392306', 'HENGFENG SHOES MATERIALS CO.LTD 6', 'MR. WONG 6', '1', 'BUCKLES WITH BOCO', '1000', '7.6', '0.65', null, '3879', '900/425/KG');
INSERT INTO `manifest_data` VALUES ('259', '22', '26', 'JKT-A08', 'PC14392301', 'HENGFENG SHOES MATERIALS CO.LTD 1', 'MR. WONG 1', '1', 'BUCKLES WITH BOCO', '1000', '7.6', '0.65', null, '3879', '900/425/KG');
INSERT INTO `manifest_data` VALUES ('260', '22', '26', 'JKT-A08', 'PC14392302', 'HENGFENG SHOES MATERIALS CO.LTD 2', 'MR. WONG 2', '1', 'BUCKLES WITH BOCO', '1000', '7.6', '0.65', null, '3879', '900/425/KG');
INSERT INTO `manifest_data` VALUES ('261', '22', '26', 'JKT-A08', 'PC14392303', 'HENGFENG SHOES MATERIALS CO.LTD 3', 'MR. WONG 3', '1', 'BUCKLES WITH BOCO', '1000', '7.6', '0.65', null, '3879', '900/425/KG');
INSERT INTO `manifest_data` VALUES ('262', '22', '26', 'JKT-A08', 'PC14392304', 'HENGFENG SHOES MATERIALS CO.LTD 4', 'MR. WONG 4', '1', 'BUCKLES WITH BOCO', '1000', '7.6', '0.65', null, '3879', '900/425/KG');
INSERT INTO `manifest_data` VALUES ('263', '22', '26', 'JKT-A08', 'PC14392305', 'HENGFENG SHOES MATERIALS CO.LTD 5', 'MR. WONG 5', '1', 'BUCKLES WITH BOCO', '1000', '7.6', '0.65', null, '3879', '900/425/KG');
INSERT INTO `manifest_data` VALUES ('264', '22', '26', 'JKT-A08', 'PC14392306', 'HENGFENG SHOES MATERIALS CO.LTD 6', 'MR. WONG 6', '1', 'BUCKLES WITH BOCO', '1000', '7.6', '0.65', null, '3879', '900/425/KG');
INSERT INTO `manifest_data` VALUES ('265', '22', '26', 'JKT-A08', 'PC14392301', 'HENGFENG SHOES MATERIALS CO.LTD 1', 'MR. WONG 1', '1', 'BUCKLES WITH BOCO', '1000', '7.6', '0.65', null, '3879', '900/425/KG');
INSERT INTO `manifest_data` VALUES ('266', '22', '26', 'JKT-A08', 'PC14392302', 'HENGFENG SHOES MATERIALS CO.LTD 2', 'MR. WONG 2', '1', 'BUCKLES WITH BOCO', '1000', '7.6', '0.65', null, '3879', '900/425/KG');
INSERT INTO `manifest_data` VALUES ('267', '22', '26', 'JKT-A08', 'PC14392303', 'HENGFENG SHOES MATERIALS CO.LTD 3', 'MR. WONG 3', '1', 'BUCKLES WITH BOCO', '1000', '7.6', '0.65', null, '3879', '900/425/KG');
INSERT INTO `manifest_data` VALUES ('268', '22', '26', 'JKT-A08', 'PC14392304', 'HENGFENG SHOES MATERIALS CO.LTD 4', 'MR. WONG 4', '1', 'BUCKLES WITH BOCO', '1000', '7.6', '0.65', null, '3879', '900/425/KG');
INSERT INTO `manifest_data` VALUES ('269', '22', '26', 'JKT-A08', 'PC14392305', 'HENGFENG SHOES MATERIALS CO.LTD 5', 'MR. WONG 5', '1', 'BUCKLES WITH BOCO', '1000', '7.6', '0.65', null, '3879', '900/425/KG');
INSERT INTO `manifest_data` VALUES ('270', '22', '26', 'JKT-A08', 'PC14392306', 'HENGFENG SHOES MATERIALS CO.LTD 6', 'MR. WONG 6', '1', 'BUCKLES WITH BOCO', '1000', '7.6', '0.65', null, '3879', '900/425/KG');
INSERT INTO `manifest_data` VALUES ('271', '22', '26', 'JKT-A08', 'PC14392301', 'HENGFENG SHOES MATERIALS CO.LTD 1', 'MR. WONG 1', '1', 'BUCKLES WITH BOCO', '1000', '7.6', '0.65', null, '3879', '900/425/KG');
INSERT INTO `manifest_data` VALUES ('272', '22', '26', 'JKT-A08', 'PC14392302', 'HENGFENG SHOES MATERIALS CO.LTD 2', 'MR. WONG 2', '1', 'BUCKLES WITH BOCO', '1000', '7.6', '0.65', null, '3879', '900/425/KG');
INSERT INTO `manifest_data` VALUES ('273', '22', '26', 'JKT-A08', 'PC14392303', 'HENGFENG SHOES MATERIALS CO.LTD 3', 'MR. WONG 3', '1', 'BUCKLES WITH BOCO', '1000', '7.6', '0.65', null, '3879', '900/425/KG');
INSERT INTO `manifest_data` VALUES ('274', '22', '26', 'JKT-A08', 'PC14392304', 'HENGFENG SHOES MATERIALS CO.LTD 4', 'MR. WONG 4', '1', 'BUCKLES WITH BOCO', '1000', '7.6', '0.65', null, '3879', '900/425/KG');
INSERT INTO `manifest_data` VALUES ('275', '22', '26', 'JKT-A08', 'PC14392305', 'HENGFENG SHOES MATERIALS CO.LTD 5', 'MR. WONG 5', '1', 'BUCKLES WITH BOCO', '1000', '7.6', '0.65', null, '3879', '900/425/KG');
INSERT INTO `manifest_data` VALUES ('276', '22', '26', 'JKT-A08', 'PC14392306', 'HENGFENG SHOES MATERIALS CO.LTD 6', 'MR. WONG 6', '1', 'BUCKLES WITH BOCO', '1000', '7.6', '0.65', null, '3879', '900/425/KG');
INSERT INTO `manifest_data` VALUES ('277', '22', '26', 'JKT-A08', 'PC14392301', 'HENGFENG SHOES MATERIALS CO.LTD 1', 'MR. WONG 1', '1', 'BUCKLES WITH BOCO', '1000', '7.6', '0.65', null, '3879', '900/425/KG');
INSERT INTO `manifest_data` VALUES ('278', '22', '26', 'JKT-A08', 'PC14392302', 'HENGFENG SHOES MATERIALS CO.LTD 2', 'MR. WONG 2', '1', 'BUCKLES WITH BOCO', '1000', '7.6', '0.65', null, '3879', '900/425/KG');
INSERT INTO `manifest_data` VALUES ('279', '22', '26', 'JKT-A08', 'PC14392303', 'HENGFENG SHOES MATERIALS CO.LTD 3', 'MR. WONG 3', '1', 'BUCKLES WITH BOCO', '1000', '7.6', '0.65', null, '3879', '900/425/KG');
INSERT INTO `manifest_data` VALUES ('280', '22', '26', 'JKT-A08', 'PC14392304', 'HENGFENG SHOES MATERIALS CO.LTD 4', 'MR. WONG 4', '1', 'BUCKLES WITH BOCO', '1000', '7.6', '0.65', null, '3879', '900/425/KG');
INSERT INTO `manifest_data` VALUES ('281', '22', '26', 'JKT-A08', 'PC14392305', 'HENGFENG SHOES MATERIALS CO.LTD 5', 'MR. WONG 5', '1', 'BUCKLES WITH BOCO', '1000', '7.6', '0.65', null, '3879', '900/425/KG');
INSERT INTO `manifest_data` VALUES ('282', '22', '26', 'JKT-A08', 'PC14392306', 'HENGFENG SHOES MATERIALS CO.LTD 6', 'MR. WONG 6', '1', 'BUCKLES WITH BOCO', '1000', '7.6', '0.65', null, '3879', '900/425/KG');
INSERT INTO `manifest_data` VALUES ('283', '22', '26', 'JKT-A08', 'PC14392301', 'HENGFENG SHOES MATERIALS CO.LTD 1', 'MR. WONG 1', '1', 'BUCKLES WITH BOCO', '1000', '7.6', '0.65', null, '3879', '900/425/KG');
INSERT INTO `manifest_data` VALUES ('284', '22', '26', 'JKT-A08', 'PC14392302', 'HENGFENG SHOES MATERIALS CO.LTD 2', 'MR. WONG 2', '1', 'BUCKLES WITH BOCO', '1000', '7.6', '0.65', null, '3879', '900/425/KG');
INSERT INTO `manifest_data` VALUES ('285', '22', '26', 'JKT-A08', 'PC14392303', 'HENGFENG SHOES MATERIALS CO.LTD 3', 'MR. WONG 3', '1', 'BUCKLES WITH BOCO', '1000', '7.6', '0.65', null, '3879', '900/425/KG');
INSERT INTO `manifest_data` VALUES ('286', '22', '26', 'JKT-A08', 'PC14392304', 'HENGFENG SHOES MATERIALS CO.LTD 4', 'MR. WONG 4', '1', 'BUCKLES WITH BOCO', '1000', '7.6', '0.65', null, '3879', '900/425/KG');
INSERT INTO `manifest_data` VALUES ('287', '22', '26', 'JKT-A08', 'PC14392305', 'HENGFENG SHOES MATERIALS CO.LTD 5', 'MR. WONG 5', '1', 'BUCKLES WITH BOCO', '1000', '7.6', '0.65', null, '3879', '900/425/KG');
INSERT INTO `manifest_data` VALUES ('288', '22', '26', 'JKT-A08', 'PC14392306', 'HENGFENG SHOES MATERIALS CO.LTD 6', 'MR. WONG 6', '1', 'BUCKLES WITH BOCO', '1000', '7.6', '0.65', null, '3879', '900/425/KG');
INSERT INTO `manifest_data` VALUES ('289', '22', '26', 'JKT-A08', 'PC14392301', 'HENGFENG SHOES MATERIALS CO.LTD 1', 'MR. WONG 1', '1', 'BUCKLES WITH BOCO', '1000', '7.6', '0.65', null, '3879', '900/425/KG');
INSERT INTO `manifest_data` VALUES ('290', '22', '26', 'JKT-A08', 'PC14392302', 'HENGFENG SHOES MATERIALS CO.LTD 2', 'MR. WONG 2', '1', 'BUCKLES WITH BOCO', '1000', '7.6', '0.65', null, '3879', '900/425/KG');
INSERT INTO `manifest_data` VALUES ('291', '22', '26', 'JKT-A08', 'PC14392303', 'HENGFENG SHOES MATERIALS CO.LTD 3', 'MR. WONG 3', '1', 'BUCKLES WITH BOCO', '1000', '7.6', '0.65', null, '3879', '900/425/KG');
INSERT INTO `manifest_data` VALUES ('292', '22', '26', 'JKT-A08', 'PC14392304', 'HENGFENG SHOES MATERIALS CO.LTD 4', 'MR. WONG 4', '1', 'BUCKLES WITH BOCO', '1000', '7.6', '0.65', null, '3879', '900/425/KG');
INSERT INTO `manifest_data` VALUES ('293', '22', '26', 'JKT-A08', 'PC14392305', 'HENGFENG SHOES MATERIALS CO.LTD 5', 'MR. WONG 5', '1', 'BUCKLES WITH BOCO', '1000', '7.6', '0.65', null, '3879', '900/425/KG');
INSERT INTO `manifest_data` VALUES ('294', '22', '26', 'JKT-A08', 'PC14392306', 'HENGFENG SHOES MATERIALS CO.LTD 6', 'MR. WONG 6', '1', 'BUCKLES WITH BOCO', '1000', '7.6', '0.65', null, '3879', '900/425/KG');
INSERT INTO `manifest_data` VALUES ('295', '22', '26', 'JKT-A08', 'PC14392301', 'HENGFENG SHOES MATERIALS CO.LTD 1', 'MR. WONG 1', '1', 'BUCKLES WITH BOCO', '1000', '7.6', '0.65', null, '3879', '900/425/KG');
INSERT INTO `manifest_data` VALUES ('296', '22', '26', 'JKT-A08', 'PC14392302', 'HENGFENG SHOES MATERIALS CO.LTD 2', 'MR. WONG 2', '1', 'BUCKLES WITH BOCO', '1000', '7.6', '0.65', null, '3879', '900/425/KG');
INSERT INTO `manifest_data` VALUES ('297', '22', '26', 'JKT-A08', 'PC14392303', 'HENGFENG SHOES MATERIALS CO.LTD 3', 'MR. WONG 3', '1', 'BUCKLES WITH BOCO', '1000', '7.6', '0.65', null, '3879', '900/425/KG');
INSERT INTO `manifest_data` VALUES ('298', '22', '26', 'JKT-A08', 'PC14392304', 'HENGFENG SHOES MATERIALS CO.LTD 4', 'MR. WONG 4', '1', 'BUCKLES WITH BOCO', '1000', '7.6', '0.65', null, '3879', '900/425/KG');
INSERT INTO `manifest_data` VALUES ('299', '22', '26', 'JKT-A08', 'PC14392305', 'HENGFENG SHOES MATERIALS CO.LTD 5', 'MR. WONG 5', '1', 'BUCKLES WITH BOCO', '1000', '7.6', '0.65', null, '3879', '900/425/KG');
INSERT INTO `manifest_data` VALUES ('300', '22', '26', 'JKT-A08', 'PC14392306', 'HENGFENG SHOES MATERIALS CO.LTD 6', 'MR. WONG 6', '1', 'BUCKLES WITH BOCO', '1000', '7.6', '0.65', null, '3879', '900/425/KG');
INSERT INTO `manifest_data` VALUES ('301', '22', '26', 'JKT-A08', 'PC14392301', 'HENGFENG SHOES MATERIALS CO.LTD 1', 'MR. WONG 1', '1', 'BUCKLES WITH BOCO', '1000', '7.6', '0.65', null, '3879', '900/425/KG');
INSERT INTO `manifest_data` VALUES ('302', '22', '26', 'JKT-A08', 'PC14392302', 'HENGFENG SHOES MATERIALS CO.LTD 2', 'MR. WONG 2', '1', 'BUCKLES WITH BOCO', '1000', '7.6', '0.65', null, '3879', '900/425/KG');
INSERT INTO `manifest_data` VALUES ('303', '22', '26', 'JKT-A08', 'PC14392303', 'HENGFENG SHOES MATERIALS CO.LTD 3', 'MR. WONG 3', '1', 'BUCKLES WITH BOCO', '1000', '7.6', '0.65', null, '3879', '900/425/KG');
INSERT INTO `manifest_data` VALUES ('304', '22', '26', 'JKT-A08', 'PC14392304', 'HENGFENG SHOES MATERIALS CO.LTD 4', 'MR. WONG 4', '1', 'BUCKLES WITH BOCO', '1000', '7.6', '0.65', null, '3879', '900/425/KG');
INSERT INTO `manifest_data` VALUES ('305', '22', '26', 'JKT-A08', 'PC14392305', 'HENGFENG SHOES MATERIALS CO.LTD 5', 'MR. WONG 5', '1', 'BUCKLES WITH BOCO', '1000', '7.6', '0.65', null, '3879', '900/425/KG');
INSERT INTO `manifest_data` VALUES ('306', '22', '26', 'JKT-A08', 'PC14392306', 'HENGFENG SHOES MATERIALS CO.LTD 6', 'MR. WONG 6', '1', 'BUCKLES WITH BOCO', '1000', '7.6', '0.65', null, '3879', '900/425/KG');
INSERT INTO `manifest_data` VALUES ('307', '22', '26', 'JKT-A08', 'PC14392301', 'HENGFENG SHOES MATERIALS CO.LTD 1', 'MR. WONG 1', '1', 'BUCKLES WITH BOCO', '1000', '7.6', '0.65', null, '3879', '900/425/KG');
INSERT INTO `manifest_data` VALUES ('308', '22', '26', 'JKT-A08', 'PC14392302', 'HENGFENG SHOES MATERIALS CO.LTD 2', 'MR. WONG 2', '1', 'BUCKLES WITH BOCO', '1000', '7.6', '0.65', null, '3879', '900/425/KG');
INSERT INTO `manifest_data` VALUES ('309', '22', '26', 'JKT-A08', 'PC14392303', 'HENGFENG SHOES MATERIALS CO.LTD 3', 'MR. WONG 3', '1', 'BUCKLES WITH BOCO', '1000', '7.6', '0.65', null, '3879', '900/425/KG');
INSERT INTO `manifest_data` VALUES ('310', '22', '26', 'JKT-A08', 'PC14392304', 'HENGFENG SHOES MATERIALS CO.LTD 4', 'MR. WONG 4', '1', 'BUCKLES WITH BOCO', '1000', '7.6', '0.65', null, '3879', '900/425/KG');
INSERT INTO `manifest_data` VALUES ('311', '22', '26', 'JKT-A08', 'PC14392305', 'HENGFENG SHOES MATERIALS CO.LTD 5', 'MR. WONG 5', '1', 'BUCKLES WITH BOCO', '1000', '7.6', '0.65', null, '3879', '900/425/KG');
INSERT INTO `manifest_data` VALUES ('312', '22', '26', 'JKT-A08', 'PC14392306', 'HENGFENG SHOES MATERIALS CO.LTD 6', 'MR. WONG 6', '1', 'BUCKLES WITH BOCO', '1000', '7.6', '0.65', null, '3879', '900/425/KG');
INSERT INTO `manifest_data` VALUES ('313', '22', '26', 'JKT-A08', 'PC14392301', 'HENGFENG SHOES MATERIALS CO.LTD 1', 'MR. WONG 1', '1', 'BUCKLES WITH BOCO', '1000', '7.6', '0.65', null, '3879', '900/425/KG');
INSERT INTO `manifest_data` VALUES ('314', '22', '26', 'JKT-A08', 'PC14392302', 'HENGFENG SHOES MATERIALS CO.LTD 2', 'MR. WONG 2', '1', 'BUCKLES WITH BOCO', '1000', '7.6', '0.65', null, '3879', '900/425/KG');
INSERT INTO `manifest_data` VALUES ('315', '22', '26', 'JKT-A08', 'PC14392303', 'HENGFENG SHOES MATERIALS CO.LTD 3', 'MR. WONG 3', '1', 'BUCKLES WITH BOCO', '1000', '7.6', '0.65', null, '3879', '900/425/KG');
INSERT INTO `manifest_data` VALUES ('316', '22', '26', 'JKT-A08', 'PC14392304', 'HENGFENG SHOES MATERIALS CO.LTD 4', 'MR. WONG 4', '1', 'BUCKLES WITH BOCO', '1000', '7.6', '0.65', null, '3879', '900/425/KG');
INSERT INTO `manifest_data` VALUES ('317', '22', '26', 'JKT-A08', 'PC14392305', 'HENGFENG SHOES MATERIALS CO.LTD 5', 'MR. WONG 5', '1', 'BUCKLES WITH BOCO', '1000', '7.6', '0.65', null, '3879', '900/425/KG');
INSERT INTO `manifest_data` VALUES ('318', '22', '26', 'JKT-A08', 'PC14392306', 'HENGFENG SHOES MATERIALS CO.LTD 6', 'MR. WONG 6', '1', 'BUCKLES WITH BOCO', '1000', '7.6', '0.65', null, '3879', '900/425/KG');
INSERT INTO `manifest_data` VALUES ('319', '22', '26', 'JKT-A08', 'PC14392301', 'HENGFENG SHOES MATERIALS CO.LTD 1', 'MR. WONG 1', '1', 'BUCKLES WITH BOCO', '1000', '7.6', '0.65', null, '3879', '900/425/KG');
INSERT INTO `manifest_data` VALUES ('320', '22', '26', 'JKT-A08', 'PC14392302', 'HENGFENG SHOES MATERIALS CO.LTD 2', 'MR. WONG 2', '1', 'BUCKLES WITH BOCO', '1000', '7.6', '0.65', null, '3879', '900/425/KG');
INSERT INTO `manifest_data` VALUES ('321', '22', '26', 'JKT-A08', 'PC14392303', 'HENGFENG SHOES MATERIALS CO.LTD 3', 'MR. WONG 3', '1', 'BUCKLES WITH BOCO', '1000', '7.6', '0.65', null, '3879', '900/425/KG');
INSERT INTO `manifest_data` VALUES ('322', '22', '26', 'JKT-A08', 'PC14392304', 'HENGFENG SHOES MATERIALS CO.LTD 4', 'MR. WONG 4', '1', 'BUCKLES WITH BOCO', '1000', '7.6', '0.65', null, '3879', '900/425/KG');
INSERT INTO `manifest_data` VALUES ('323', '22', '26', 'JKT-A08', 'PC14392305', 'HENGFENG SHOES MATERIALS CO.LTD 5', 'MR. WONG 5', '1', 'BUCKLES WITH BOCO', '1000', '7.6', '0.65', null, '3879', '900/425/KG');
INSERT INTO `manifest_data` VALUES ('324', '22', '26', 'JKT-A08', 'PC14392306', 'HENGFENG SHOES MATERIALS CO.LTD 6', 'MR. WONG 6', '1', 'BUCKLES WITH BOCO', '1000', '7.6', '0.65', null, '3879', '900/425/KG');
INSERT INTO `manifest_data` VALUES ('325', '22', '26', 'JKT-A08', 'PC14392301', 'HENGFENG SHOES MATERIALS CO.LTD 1', 'MR. WONG 1', '1', 'BUCKLES WITH BOCO', '1000', '7.6', '0.65', null, '3879', '900/425/KG');
INSERT INTO `manifest_data` VALUES ('326', '22', '26', 'JKT-A08', 'PC14392302', 'HENGFENG SHOES MATERIALS CO.LTD 2', 'MR. WONG 2', '1', 'BUCKLES WITH BOCO', '1000', '7.6', '0.65', null, '3879', '900/425/KG');
INSERT INTO `manifest_data` VALUES ('327', '22', '26', 'JKT-A08', 'PC14392303', 'HENGFENG SHOES MATERIALS CO.LTD 3', 'MR. WONG 3', '1', 'BUCKLES WITH BOCO', '1000', '7.6', '0.65', null, '3879', '900/425/KG');
INSERT INTO `manifest_data` VALUES ('328', '22', '26', 'JKT-A08', 'PC14392304', 'HENGFENG SHOES MATERIALS CO.LTD 4', 'MR. WONG 4', '1', 'BUCKLES WITH BOCO', '1000', '7.6', '0.65', null, '3879', '900/425/KG');
INSERT INTO `manifest_data` VALUES ('329', '22', '26', 'JKT-A08', 'PC14392305', 'HENGFENG SHOES MATERIALS CO.LTD 5', 'MR. WONG 5', '1', 'BUCKLES WITH BOCO', '1000', '7.6', '0.65', null, '3879', '900/425/KG');
INSERT INTO `manifest_data` VALUES ('330', '22', '26', 'JKT-A08', 'PC14392306', 'HENGFENG SHOES MATERIALS CO.LTD 6', 'MR. WONG 6', '1', 'BUCKLES WITH BOCO', '1000', '7.6', '0.65', null, '3879', '900/425/KG');
INSERT INTO `manifest_data` VALUES ('331', '22', '26', 'JKT-A08', 'PC14392301', 'HENGFENG SHOES MATERIALS CO.LTD 1', 'MR. WONG 1', '1', 'BUCKLES WITH BOCO', '1000', '7.6', '0.65', null, '3879', '900/425/KG');
INSERT INTO `manifest_data` VALUES ('332', '22', '26', 'JKT-A08', 'PC14392302', 'HENGFENG SHOES MATERIALS CO.LTD 2', 'MR. WONG 2', '1', 'BUCKLES WITH BOCO', '1000', '7.6', '0.65', null, '3879', '900/425/KG');
INSERT INTO `manifest_data` VALUES ('333', '22', '26', 'JKT-A08', 'PC14392303', 'HENGFENG SHOES MATERIALS CO.LTD 3', 'MR. WONG 3', '1', 'BUCKLES WITH BOCO', '1000', '7.6', '0.65', null, '3879', '900/425/KG');
INSERT INTO `manifest_data` VALUES ('334', '22', '26', 'JKT-A08', 'PC14392304', 'HENGFENG SHOES MATERIALS CO.LTD 4', 'MR. WONG 4', '1', 'BUCKLES WITH BOCO', '1000', '7.6', '0.65', null, '3879', '900/425/KG');
INSERT INTO `manifest_data` VALUES ('335', '22', '26', 'JKT-A08', 'PC14392305', 'HENGFENG SHOES MATERIALS CO.LTD 5', 'MR. WONG 5', '1', 'BUCKLES WITH BOCO', '1000', '7.6', '0.65', null, '3879', '900/425/KG');
INSERT INTO `manifest_data` VALUES ('336', '22', '26', 'JKT-A08', 'PC14392306', 'HENGFENG SHOES MATERIALS CO.LTD 6', 'MR. WONG 6', '1', 'BUCKLES WITH BOCO', '1000', '7.6', '0.65', null, '3879', '900/425/KG');
INSERT INTO `manifest_data` VALUES ('337', '22', '26', 'JKT-A08', 'PC14392301', 'HENGFENG SHOES MATERIALS CO.LTD 1', 'MR. WONG 1', '1', 'BUCKLES WITH BOCO', '1000', '7.6', '0.65', null, '3879', '900/425/KG');
INSERT INTO `manifest_data` VALUES ('338', '22', '26', 'JKT-A08', 'PC14392302', 'HENGFENG SHOES MATERIALS CO.LTD 2', 'MR. WONG 2', '1', 'BUCKLES WITH BOCO', '1000', '7.6', '0.65', null, '3879', '900/425/KG');
INSERT INTO `manifest_data` VALUES ('339', '22', '26', 'JKT-A08', 'PC14392303', 'HENGFENG SHOES MATERIALS CO.LTD 3', 'MR. WONG 3', '1', 'BUCKLES WITH BOCO', '1000', '7.6', '0.65', null, '3879', '900/425/KG');
INSERT INTO `manifest_data` VALUES ('340', '22', '26', 'JKT-A08', 'PC14392304', 'HENGFENG SHOES MATERIALS CO.LTD 4', 'MR. WONG 4', '1', 'BUCKLES WITH BOCO', '1000', '7.6', '0.65', null, '3879', '900/425/KG');
INSERT INTO `manifest_data` VALUES ('341', '22', '26', 'JKT-A08', 'PC14392305', 'HENGFENG SHOES MATERIALS CO.LTD 5', 'MR. WONG 5', '1', 'BUCKLES WITH BOCO', '1000', '7.6', '0.65', null, '3879', '900/425/KG');
INSERT INTO `manifest_data` VALUES ('342', '22', '26', 'JKT-A08', 'PC14392306', 'HENGFENG SHOES MATERIALS CO.LTD 6', 'MR. WONG 6', '1', 'BUCKLES WITH BOCO', '1000', '7.6', '0.65', null, '3879', '900/425/KG');
INSERT INTO `manifest_data` VALUES ('343', '22', '26', 'JKT-A08', 'PC14392301', 'HENGFENG SHOES MATERIALS CO.LTD 1', 'MR. WONG 1', '1', 'BUCKLES WITH BOCO', '1000', '7.6', '0.65', null, '3879', '900/425/KG');
INSERT INTO `manifest_data` VALUES ('344', '22', '26', 'JKT-A08', 'PC14392302', 'HENGFENG SHOES MATERIALS CO.LTD 2', 'MR. WONG 2', '1', 'BUCKLES WITH BOCO', '1000', '7.6', '0.65', null, '3879', '900/425/KG');
INSERT INTO `manifest_data` VALUES ('345', '22', '26', 'JKT-A08', 'PC14392303', 'HENGFENG SHOES MATERIALS CO.LTD 3', 'MR. WONG 3', '1', 'BUCKLES WITH BOCO', '1000', '7.6', '0.65', null, '3879', '900/425/KG');
INSERT INTO `manifest_data` VALUES ('346', '22', '26', 'JKT-A08', 'PC14392304', 'HENGFENG SHOES MATERIALS CO.LTD 4', 'MR. WONG 4', '1', 'BUCKLES WITH BOCO', '1000', '7.6', '0.65', null, '3879', '900/425/KG');
INSERT INTO `manifest_data` VALUES ('347', '22', '26', 'JKT-A08', 'PC14392305', 'HENGFENG SHOES MATERIALS CO.LTD 5', 'MR. WONG 5', '1', 'BUCKLES WITH BOCO', '1000', '7.6', '0.65', null, '3879', '900/425/KG');
INSERT INTO `manifest_data` VALUES ('348', '22', '26', 'JKT-A08', 'PC14392306', 'HENGFENG SHOES MATERIALS CO.LTD 6', 'MR. WONG 6', '1', 'BUCKLES WITH BOCO', '1000', '7.6', '0.65', null, '3879', '900/425/KG');
INSERT INTO `manifest_data` VALUES ('349', '22', '26', 'JKT-A08', 'PC14392301', 'HENGFENG SHOES MATERIALS CO.LTD 1', 'MR. WONG 1', '1', 'BUCKLES WITH BOCO', '1000', '7.6', '0.65', null, '3879', '900/425/KG');
INSERT INTO `manifest_data` VALUES ('350', '22', '26', 'JKT-A08', 'PC14392302', 'HENGFENG SHOES MATERIALS CO.LTD 2', 'MR. WONG 2', '1', 'BUCKLES WITH BOCO', '1000', '7.6', '0.65', null, '3879', '900/425/KG');
INSERT INTO `manifest_data` VALUES ('351', '22', '26', 'JKT-A08', 'PC14392303', 'HENGFENG SHOES MATERIALS CO.LTD 3', 'MR. WONG 3', '1', 'BUCKLES WITH BOCO', '1000', '7.6', '0.65', null, '3879', '900/425/KG');
INSERT INTO `manifest_data` VALUES ('352', '22', '26', 'JKT-A08', 'PC14392304', 'HENGFENG SHOES MATERIALS CO.LTD 4', 'MR. WONG 4', '1', 'BUCKLES WITH BOCO', '1000', '7.6', '0.65', null, '3879', '900/425/KG');
INSERT INTO `manifest_data` VALUES ('353', '22', '26', 'JKT-A08', 'PC14392305', 'HENGFENG SHOES MATERIALS CO.LTD 5', 'MR. WONG 5', '1', 'BUCKLES WITH BOCO', '1000', '7.6', '0.65', null, '3879', '900/425/KG');
INSERT INTO `manifest_data` VALUES ('354', '22', '26', 'JKT-A08', 'PC14392306', 'HENGFENG SHOES MATERIALS CO.LTD 6', 'MR. WONG 6', '1', 'BUCKLES WITH BOCO', '1000', '7.6', '0.65', null, '3879', '900/425/KG');
INSERT INTO `manifest_data` VALUES ('355', '22', '26', 'JKT-A08', 'PC14392301', 'HENGFENG SHOES MATERIALS CO.LTD 1', 'MR. WONG 1', '1', 'BUCKLES WITH BOCO', '1000', '7.6', '0.65', null, '3879', '900/425/KG');
INSERT INTO `manifest_data` VALUES ('356', '22', '26', 'JKT-A08', 'PC14392302', 'HENGFENG SHOES MATERIALS CO.LTD 2', 'MR. WONG 2', '1', 'BUCKLES WITH BOCO', '1000', '7.6', '0.65', null, '3879', '900/425/KG');
INSERT INTO `manifest_data` VALUES ('357', '22', '26', 'JKT-A08', 'PC14392303', 'HENGFENG SHOES MATERIALS CO.LTD 3', 'MR. WONG 3', '1', 'BUCKLES WITH BOCO', '1000', '7.6', '0.65', null, '3879', '900/425/KG');
INSERT INTO `manifest_data` VALUES ('358', '22', '26', 'JKT-A08', 'PC14392304', 'HENGFENG SHOES MATERIALS CO.LTD 4', 'MR. WONG 4', '1', 'BUCKLES WITH BOCO', '1000', '7.6', '0.65', null, '3879', '900/425/KG');
INSERT INTO `manifest_data` VALUES ('359', '22', '26', 'JKT-A08', 'PC14392305', 'HENGFENG SHOES MATERIALS CO.LTD 5', 'MR. WONG 5', '1', 'BUCKLES WITH BOCO', '1000', '7.6', '0.65', null, '3879', '900/425/KG');
INSERT INTO `manifest_data` VALUES ('360', '22', '26', 'JKT-A08', 'PC14392306', 'HENGFENG SHOES MATERIALS CO.LTD 6', 'MR. WONG 6', '1', 'BUCKLES WITH BOCO', '1000', '7.6', '0.65', null, '3879', '900/425/KG');
INSERT INTO `manifest_data` VALUES ('361', '22', '26', 'JKT-A08', 'PC14392301', 'HENGFENG SHOES MATERIALS CO.LTD 1', 'MR. WONG 1', '1', 'BUCKLES WITH BOCO', '1000', '7.6', '0.65', null, '3879', '900/425/KG');
INSERT INTO `manifest_data` VALUES ('362', '22', '26', 'JKT-A08', 'PC14392302', 'HENGFENG SHOES MATERIALS CO.LTD 2', 'MR. WONG 2', '1', 'BUCKLES WITH BOCO', '1000', '7.6', '0.65', null, '3879', '900/425/KG');
INSERT INTO `manifest_data` VALUES ('363', '22', '26', 'JKT-A08', 'PC14392303', 'HENGFENG SHOES MATERIALS CO.LTD 3', 'MR. WONG 3', '1', 'BUCKLES WITH BOCO', '1000', '7.6', '0.65', null, '3879', '900/425/KG');
INSERT INTO `manifest_data` VALUES ('364', '22', '26', 'JKT-A08', 'PC14392304', 'HENGFENG SHOES MATERIALS CO.LTD 4', 'MR. WONG 4', '1', 'BUCKLES WITH BOCO', '1000', '7.6', '0.65', null, '3879', '900/425/KG');
INSERT INTO `manifest_data` VALUES ('365', '22', '26', 'JKT-A08', 'PC14392305', 'HENGFENG SHOES MATERIALS CO.LTD 5', 'MR. WONG 5', '1', 'BUCKLES WITH BOCO', '1000', '7.6', '0.65', null, '3879', '900/425/KG');
INSERT INTO `manifest_data` VALUES ('366', '22', '26', 'JKT-A08', 'PC14392306', 'HENGFENG SHOES MATERIALS CO.LTD 6', 'MR. WONG 6', '1', 'BUCKLES WITH BOCO', '1000', '7.6', '0.65', null, '3879', '900/425/KG');
INSERT INTO `manifest_data` VALUES ('367', '22', '26', 'JKT-A08', 'PC14392301', 'HENGFENG SHOES MATERIALS CO.LTD 1', 'MR. WONG 1', '1', 'BUCKLES WITH BOCO', '1000', '7.6', '0.65', null, '3879', '900/425/KG');
INSERT INTO `manifest_data` VALUES ('368', '22', '26', 'JKT-A08', 'PC14392302', 'HENGFENG SHOES MATERIALS CO.LTD 2', 'MR. WONG 2', '1', 'BUCKLES WITH BOCO', '1000', '7.6', '0.65', null, '3879', '900/425/KG');
INSERT INTO `manifest_data` VALUES ('369', '22', '26', 'JKT-A08', 'PC14392303', 'HENGFENG SHOES MATERIALS CO.LTD 3', 'MR. WONG 3', '1', 'BUCKLES WITH BOCO', '1000', '7.6', '0.65', null, '3879', '900/425/KG');
INSERT INTO `manifest_data` VALUES ('370', '22', '26', 'JKT-A08', 'PC14392304', 'HENGFENG SHOES MATERIALS CO.LTD 4', 'MR. WONG 4', '1', 'BUCKLES WITH BOCO', '1000', '7.6', '0.65', null, '3879', '900/425/KG');
INSERT INTO `manifest_data` VALUES ('371', '22', '26', 'JKT-A08', 'PC14392305', 'HENGFENG SHOES MATERIALS CO.LTD 5', 'MR. WONG 5', '1', 'BUCKLES WITH BOCO', '1000', '7.6', '0.65', null, '3879', '900/425/KG');
INSERT INTO `manifest_data` VALUES ('372', '22', '26', 'JKT-A08', 'PC14392306', 'HENGFENG SHOES MATERIALS CO.LTD 6', 'MR. WONG 6', '1', 'BUCKLES WITH BOCO', '1000', '7.6', '0.65', null, '3879', '900/425/KG');
INSERT INTO `manifest_data` VALUES ('373', '22', '26', 'JKT-A08', 'PC14392301', 'HENGFENG SHOES MATERIALS CO.LTD 1', 'MR. WONG 1', '1', 'BUCKLES WITH BOCO', '1000', '7.6', '0.65', null, '3879', '900/425/KG');
INSERT INTO `manifest_data` VALUES ('374', '22', '26', 'JKT-A08', 'PC14392302', 'HENGFENG SHOES MATERIALS CO.LTD 2', 'MR. WONG 2', '1', 'BUCKLES WITH BOCO', '1000', '7.6', '0.65', null, '3879', '900/425/KG');
INSERT INTO `manifest_data` VALUES ('375', '22', '26', 'JKT-A08', 'PC14392303', 'HENGFENG SHOES MATERIALS CO.LTD 3', 'MR. WONG 3', '1', 'BUCKLES WITH BOCO', '1000', '7.6', '0.65', null, '3879', '900/425/KG');
INSERT INTO `manifest_data` VALUES ('376', '22', '26', 'JKT-A08', 'PC14392304', 'HENGFENG SHOES MATERIALS CO.LTD 4', 'MR. WONG 4', '1', 'BUCKLES WITH BOCO', '1000', '7.6', '0.65', null, '3879', '900/425/KG');
INSERT INTO `manifest_data` VALUES ('377', '22', '26', 'JKT-A08', 'PC14392305', 'HENGFENG SHOES MATERIALS CO.LTD 5', 'MR. WONG 5', '1', 'BUCKLES WITH BOCO', '1000', '7.6', '0.65', null, '3879', '900/425/KG');
INSERT INTO `manifest_data` VALUES ('378', '22', '26', 'JKT-A08', 'PC14392306', 'HENGFENG SHOES MATERIALS CO.LTD 6', 'MR. WONG 6', '1', 'BUCKLES WITH BOCO', '1000', '7.6', '0.65', null, '3879', '900/425/KG');
INSERT INTO `manifest_data` VALUES ('379', '22', '26', 'JKT-A08', 'PC14392301', 'HENGFENG SHOES MATERIALS CO.LTD 1', 'MR. WONG 1', '1', 'BUCKLES WITH BOCO', '1000', '7.6', '0.65', null, '3879', '900/425/KG');
INSERT INTO `manifest_data` VALUES ('380', '22', '26', 'JKT-A08', 'PC14392302', 'HENGFENG SHOES MATERIALS CO.LTD 2', 'MR. WONG 2', '1', 'BUCKLES WITH BOCO', '1000', '7.6', '0.65', null, '3879', '900/425/KG');
INSERT INTO `manifest_data` VALUES ('381', '22', '26', 'JKT-A08', 'PC14392303', 'HENGFENG SHOES MATERIALS CO.LTD 3', 'MR. WONG 3', '1', 'BUCKLES WITH BOCO', '1000', '7.6', '0.65', null, '3879', '900/425/KG');
INSERT INTO `manifest_data` VALUES ('382', '22', '26', 'JKT-A08', 'PC14392304', 'HENGFENG SHOES MATERIALS CO.LTD 4', 'MR. WONG 4', '1', 'BUCKLES WITH BOCO', '1000', '7.6', '0.65', null, '3879', '900/425/KG');
INSERT INTO `manifest_data` VALUES ('383', '22', '26', 'JKT-A08', 'PC14392305', 'HENGFENG SHOES MATERIALS CO.LTD 5', 'MR. WONG 5', '1', 'BUCKLES WITH BOCO', '1000', '7.6', '0.65', null, '3879', '900/425/KG');
INSERT INTO `manifest_data` VALUES ('384', '22', '26', 'JKT-A08', 'PC14392306', 'HENGFENG SHOES MATERIALS CO.LTD 6', 'MR. WONG 6', '1', 'BUCKLES WITH BOCO', '1000', '7.6', '0.65', null, '3879', '900/425/KG');
INSERT INTO `manifest_data` VALUES ('385', '22', '26', 'JKT-A08', 'PC14392301', 'HENGFENG SHOES MATERIALS CO.LTD 1', 'MR. WONG 1', '1', 'BUCKLES WITH BOCO', '1000', '7.6', '0.65', null, '3879', '900/425/KG');
INSERT INTO `manifest_data` VALUES ('386', '22', '26', 'JKT-A08', 'PC14392302', 'HENGFENG SHOES MATERIALS CO.LTD 2', 'MR. WONG 2', '1', 'BUCKLES WITH BOCO', '1000', '7.6', '0.65', null, '3879', '900/425/KG');
INSERT INTO `manifest_data` VALUES ('387', '22', '26', 'JKT-A08', 'PC14392303', 'HENGFENG SHOES MATERIALS CO.LTD 3', 'MR. WONG 3', '1', 'BUCKLES WITH BOCO', '1000', '7.6', '0.65', null, '3879', '900/425/KG');
INSERT INTO `manifest_data` VALUES ('388', '22', '26', 'JKT-A08', 'PC14392304', 'HENGFENG SHOES MATERIALS CO.LTD 4', 'MR. WONG 4', '1', 'BUCKLES WITH BOCO', '1000', '7.6', '0.65', null, '3879', '900/425/KG');
INSERT INTO `manifest_data` VALUES ('389', '22', '26', 'JKT-A08', 'PC14392305', 'HENGFENG SHOES MATERIALS CO.LTD 5', 'MR. WONG 5', '1', 'BUCKLES WITH BOCO', '1000', '7.6', '0.65', null, '3879', '900/425/KG');
INSERT INTO `manifest_data` VALUES ('390', '22', '26', 'JKT-A08', 'PC14392306', 'HENGFENG SHOES MATERIALS CO.LTD 6', 'MR. WONG 6', '1', 'BUCKLES WITH BOCO', '1000', '7.6', '0.65', null, '3879', '900/425/KG');
INSERT INTO `manifest_data` VALUES ('391', '22', '26', 'JKT-A08', 'PC14392301', 'HENGFENG SHOES MATERIALS CO.LTD 1', 'MR. WONG 1', '1', 'BUCKLES WITH BOCO', '1000', '7.6', '0.65', null, '3879', '900/425/KG');
INSERT INTO `manifest_data` VALUES ('392', '22', '26', 'JKT-A08', 'PC14392302', 'HENGFENG SHOES MATERIALS CO.LTD 2', 'MR. WONG 2', '1', 'BUCKLES WITH BOCO', '1000', '7.6', '0.65', null, '3879', '900/425/KG');
INSERT INTO `manifest_data` VALUES ('393', '22', '26', 'JKT-A08', 'PC14392303', 'HENGFENG SHOES MATERIALS CO.LTD 3', 'MR. WONG 3', '1', 'BUCKLES WITH BOCO', '1000', '7.6', '0.65', null, '3879', '900/425/KG');
INSERT INTO `manifest_data` VALUES ('394', '22', '26', 'JKT-A08', 'PC14392304', 'HENGFENG SHOES MATERIALS CO.LTD 4', 'MR. WONG 4', '1', 'BUCKLES WITH BOCO', '1000', '7.6', '0.65', null, '3879', '900/425/KG');
INSERT INTO `manifest_data` VALUES ('395', '22', '26', 'JKT-A08', 'PC14392305', 'HENGFENG SHOES MATERIALS CO.LTD 5', 'MR. WONG 5', '1', 'BUCKLES WITH BOCO', '1000', '7.6', '0.65', null, '3879', '900/425/KG');
INSERT INTO `manifest_data` VALUES ('396', '22', '26', 'JKT-A08', 'PC14392306', 'HENGFENG SHOES MATERIALS CO.LTD 6', 'MR. WONG 6', '1', 'BUCKLES WITH BOCO', '1000', '7.6', '0.65', null, '3879', '900/425/KG');
INSERT INTO `manifest_data` VALUES ('397', '22', '26', 'JKT-A08', 'PC14392301', 'HENGFENG SHOES MATERIALS CO.LTD 1', 'MR. WONG 1', '1', 'BUCKLES WITH BOCO', '1000', '7.6', '0.65', null, '3879', '900/425/KG');
INSERT INTO `manifest_data` VALUES ('398', '22', '26', 'JKT-A08', 'PC14392302', 'HENGFENG SHOES MATERIALS CO.LTD 2', 'MR. WONG 2', '1', 'BUCKLES WITH BOCO', '1000', '7.6', '0.65', null, '3879', '900/425/KG');
INSERT INTO `manifest_data` VALUES ('399', '22', '26', 'JKT-A08', 'PC14392303', 'HENGFENG SHOES MATERIALS CO.LTD 3', 'MR. WONG 3', '1', 'BUCKLES WITH BOCO', '1000', '7.6', '0.65', null, '3879', '900/425/KG');
INSERT INTO `manifest_data` VALUES ('400', '22', '26', 'JKT-A08', 'PC14392304', 'HENGFENG SHOES MATERIALS CO.LTD 4', 'MR. WONG 4', '1', 'BUCKLES WITH BOCO', '1000', '7.6', '0.65', null, '3879', '900/425/KG');
INSERT INTO `manifest_data` VALUES ('401', '22', '26', 'JKT-A08', 'PC14392305', 'HENGFENG SHOES MATERIALS CO.LTD 5', 'MR. WONG 5', '1', 'BUCKLES WITH BOCO', '1000', '7.6', '0.65', null, '3879', '900/425/KG');
INSERT INTO `manifest_data` VALUES ('402', '22', '26', 'JKT-A08', 'PC14392306', 'HENGFENG SHOES MATERIALS CO.LTD 6', 'MR. WONG 6', '1', 'BUCKLES WITH BOCO', '1000', '7.6', '0.65', null, '3879', '900/425/KG');
INSERT INTO `manifest_data` VALUES ('403', '22', '26', 'JKT-A08', 'PC14392301', 'HENGFENG SHOES MATERIALS CO.LTD 1', 'MR. WONG 1', '1', 'BUCKLES WITH BOCO', '1000', '7.6', '0.65', null, '3879', '900/425/KG');
INSERT INTO `manifest_data` VALUES ('404', '22', '26', 'JKT-A08', 'PC14392302', 'HENGFENG SHOES MATERIALS CO.LTD 2', 'MR. WONG 2', '1', 'BUCKLES WITH BOCO', '1000', '7.6', '0.65', null, '3879', '900/425/KG');
INSERT INTO `manifest_data` VALUES ('405', '22', '26', 'JKT-A08', 'PC14392303', 'HENGFENG SHOES MATERIALS CO.LTD 3', 'MR. WONG 3', '1', 'BUCKLES WITH BOCO', '1000', '7.6', '0.65', null, '3879', '900/425/KG');
INSERT INTO `manifest_data` VALUES ('406', '22', '26', 'JKT-A08', 'PC14392304', 'HENGFENG SHOES MATERIALS CO.LTD 4', 'MR. WONG 4', '1', 'BUCKLES WITH BOCO', '1000', '7.6', '0.65', null, '3879', '900/425/KG');
INSERT INTO `manifest_data` VALUES ('407', '22', '26', 'JKT-A08', 'PC14392305', 'HENGFENG SHOES MATERIALS CO.LTD 5', 'MR. WONG 5', '1', 'BUCKLES WITH BOCO', '1000', '7.6', '0.65', null, '3879', '900/425/KG');
INSERT INTO `manifest_data` VALUES ('408', '22', '26', 'JKT-A08', 'PC14392306', 'HENGFENG SHOES MATERIALS CO.LTD 6', 'MR. WONG 6', '1', 'BUCKLES WITH BOCO', '1000', '7.6', '0.65', null, '3879', '900/425/KG');
INSERT INTO `manifest_data` VALUES ('409', '22', '26', 'JKT-A08', 'PC14392301', 'HENGFENG SHOES MATERIALS CO.LTD 1', 'MR. WONG 1', '1', 'BUCKLES WITH BOCO', '1000', '7.6', '0.65', null, '3879', '900/425/KG');
INSERT INTO `manifest_data` VALUES ('410', '22', '26', 'JKT-A08', 'PC14392302', 'HENGFENG SHOES MATERIALS CO.LTD 2', 'MR. WONG 2', '1', 'BUCKLES WITH BOCO', '1000', '7.6', '0.65', null, '3879', '900/425/KG');
INSERT INTO `manifest_data` VALUES ('411', '22', '26', 'JKT-A08', 'PC14392303', 'HENGFENG SHOES MATERIALS CO.LTD 3', 'MR. WONG 3', '1', 'BUCKLES WITH BOCO', '1000', '7.6', '0.65', null, '3879', '900/425/KG');
INSERT INTO `manifest_data` VALUES ('412', '22', '26', 'JKT-A08', 'PC14392304', 'HENGFENG SHOES MATERIALS CO.LTD 4', 'MR. WONG 4', '1', 'BUCKLES WITH BOCO', '1000', '7.6', '0.65', null, '3879', '900/425/KG');
INSERT INTO `manifest_data` VALUES ('413', '22', '26', 'JKT-A08', 'PC14392305', 'HENGFENG SHOES MATERIALS CO.LTD 5', 'MR. WONG 5', '1', 'BUCKLES WITH BOCO', '1000', '7.6', '0.65', null, '3879', '900/425/KG');
INSERT INTO `manifest_data` VALUES ('414', '22', '26', 'JKT-A08', 'PC14392306', 'HENGFENG SHOES MATERIALS CO.LTD 6', 'MR. WONG 6', '1', 'BUCKLES WITH BOCO', '1000', '7.6', '0.65', null, '3879', '900/425/KG');
INSERT INTO `manifest_data` VALUES ('415', '22', '26', 'JKT-A08', 'PC14392301', 'HENGFENG SHOES MATERIALS CO.LTD 1', 'MR. WONG 1', '1', 'BUCKLES WITH BOCO', '1000', '7.6', '0.65', null, '3879', '900/425/KG');
INSERT INTO `manifest_data` VALUES ('416', '22', '26', 'JKT-A08', 'PC14392302', 'HENGFENG SHOES MATERIALS CO.LTD 2', 'MR. WONG 2', '1', 'BUCKLES WITH BOCO', '1000', '7.6', '0.65', null, '3879', '900/425/KG');
INSERT INTO `manifest_data` VALUES ('417', '22', '26', 'JKT-A08', 'PC14392303', 'HENGFENG SHOES MATERIALS CO.LTD 3', 'MR. WONG 3', '1', 'BUCKLES WITH BOCO', '1000', '7.6', '0.65', null, '3879', '900/425/KG');
INSERT INTO `manifest_data` VALUES ('418', '22', '26', 'JKT-A08', 'PC14392304', 'HENGFENG SHOES MATERIALS CO.LTD 4', 'MR. WONG 4', '1', 'BUCKLES WITH BOCO', '1000', '7.6', '0.65', null, '3879', '900/425/KG');
INSERT INTO `manifest_data` VALUES ('419', '22', '26', 'JKT-A08', 'PC14392305', 'HENGFENG SHOES MATERIALS CO.LTD 5', 'MR. WONG 5', '1', 'BUCKLES WITH BOCO', '1000', '7.6', '0.65', null, '3879', '900/425/KG');
INSERT INTO `manifest_data` VALUES ('420', '22', '26', 'JKT-A08', 'PC14392306', 'HENGFENG SHOES MATERIALS CO.LTD 6', 'MR. WONG 6', '1', 'BUCKLES WITH BOCO', '1000', '7.6', '0.65', null, '3879', '900/425/KG');
INSERT INTO `manifest_data` VALUES ('421', '22', '26', 'JKT-A08', 'PC14392301', 'HENGFENG SHOES MATERIALS CO.LTD 1', 'MR. WONG 1', '1', 'BUCKLES WITH BOCO', '1000', '7.6', '0.65', null, '3879', '900/425/KG');
INSERT INTO `manifest_data` VALUES ('422', '22', '26', 'JKT-A08', 'PC14392302', 'HENGFENG SHOES MATERIALS CO.LTD 2', 'MR. WONG 2', '1', 'BUCKLES WITH BOCO', '1000', '7.6', '0.65', null, '3879', '900/425/KG');
INSERT INTO `manifest_data` VALUES ('423', '22', '26', 'JKT-A08', 'PC14392303', 'HENGFENG SHOES MATERIALS CO.LTD 3', 'MR. WONG 3', '1', 'BUCKLES WITH BOCO', '1000', '7.6', '0.65', null, '3879', '900/425/KG');
INSERT INTO `manifest_data` VALUES ('424', '22', '26', 'JKT-A08', 'PC14392304', 'HENGFENG SHOES MATERIALS CO.LTD 4', 'MR. WONG 4', '1', 'BUCKLES WITH BOCO', '1000', '7.6', '0.65', null, '3879', '900/425/KG');
INSERT INTO `manifest_data` VALUES ('425', '22', '26', 'JKT-A08', 'PC14392305', 'HENGFENG SHOES MATERIALS CO.LTD 5', 'MR. WONG 5', '1', 'BUCKLES WITH BOCO', '1000', '7.6', '0.65', null, '3879', '900/425/KG');
INSERT INTO `manifest_data` VALUES ('426', '22', '26', 'JKT-A08', 'PC14392306', 'HENGFENG SHOES MATERIALS CO.LTD 6', 'MR. WONG 6', '1', 'BUCKLES WITH BOCO', '1000', '7.6', '0.65', null, '3879', '900/425/KG');
INSERT INTO `manifest_data` VALUES ('427', '22', '26', 'JKT-A08', 'PC14392301', 'HENGFENG SHOES MATERIALS CO.LTD 1', 'MR. WONG 1', '1', 'BUCKLES WITH BOCO', '1000', '7.6', '0.65', null, '3879', '900/425/KG');
INSERT INTO `manifest_data` VALUES ('428', '22', '26', 'JKT-A08', 'PC14392302', 'HENGFENG SHOES MATERIALS CO.LTD 2', 'MR. WONG 2', '1', 'BUCKLES WITH BOCO', '1000', '7.6', '0.65', null, '3879', '900/425/KG');
INSERT INTO `manifest_data` VALUES ('429', '22', '26', 'JKT-A08', 'PC14392303', 'HENGFENG SHOES MATERIALS CO.LTD 3', 'MR. WONG 3', '1', 'BUCKLES WITH BOCO', '1000', '7.6', '0.65', null, '3879', '900/425/KG');
INSERT INTO `manifest_data` VALUES ('430', '22', '26', 'JKT-A08', 'PC14392304', 'HENGFENG SHOES MATERIALS CO.LTD 4', 'MR. WONG 4', '1', 'BUCKLES WITH BOCO', '1000', '7.6', '0.65', null, '3879', '900/425/KG');
INSERT INTO `manifest_data` VALUES ('431', '22', '26', 'JKT-A08', 'PC14392305', 'HENGFENG SHOES MATERIALS CO.LTD 5', 'MR. WONG 5', '1', 'BUCKLES WITH BOCO', '1000', '7.6', '0.65', null, '3879', '900/425/KG');
INSERT INTO `manifest_data` VALUES ('432', '22', '26', 'JKT-A08', 'PC14392306', 'HENGFENG SHOES MATERIALS CO.LTD 6', 'MR. WONG 6', '1', 'BUCKLES WITH BOCO', '1000', '7.6', '0.65', null, '3879', '900/425/KG');
INSERT INTO `manifest_data` VALUES ('433', '22', '26', 'JKT-A08', 'PC14392301', 'HENGFENG SHOES MATERIALS CO.LTD 1', 'MR. WONG 1', '1', 'BUCKLES WITH BOCO', '1000', '7.6', '0.65', null, '3879', '900/425/KG');
INSERT INTO `manifest_data` VALUES ('434', '22', '26', 'JKT-A08', 'PC14392302', 'HENGFENG SHOES MATERIALS CO.LTD 2', 'MR. WONG 2', '1', 'BUCKLES WITH BOCO', '1000', '7.6', '0.65', null, '3879', '900/425/KG');
INSERT INTO `manifest_data` VALUES ('435', '22', '26', 'JKT-A08', 'PC14392303', 'HENGFENG SHOES MATERIALS CO.LTD 3', 'MR. WONG 3', '1', 'BUCKLES WITH BOCO', '1000', '7.6', '0.65', null, '3879', '900/425/KG');
INSERT INTO `manifest_data` VALUES ('436', '22', '26', 'JKT-A08', 'PC14392304', 'HENGFENG SHOES MATERIALS CO.LTD 4', 'MR. WONG 4', '1', 'BUCKLES WITH BOCO', '1000', '7.6', '0.65', null, '3879', '900/425/KG');
INSERT INTO `manifest_data` VALUES ('437', '22', '26', 'JKT-A08', 'PC14392305', 'HENGFENG SHOES MATERIALS CO.LTD 5', 'MR. WONG 5', '1', 'BUCKLES WITH BOCO', '1000', '7.6', '0.65', null, '3879', '900/425/KG');
INSERT INTO `manifest_data` VALUES ('438', '22', '26', 'JKT-A08', 'PC14392306', 'HENGFENG SHOES MATERIALS CO.LTD 6', 'MR. WONG 6', '1', 'BUCKLES WITH BOCO', '1000', '7.6', '0.65', null, '3879', '900/425/KG');
INSERT INTO `manifest_data` VALUES ('439', '22', '26', 'JKT-A08', 'PC14392301', 'HENGFENG SHOES MATERIALS CO.LTD 1', 'MR. WONG 1', '1', 'BUCKLES WITH BOCO', '1000', '7.6', '0.65', null, '3879', '900/425/KG');
INSERT INTO `manifest_data` VALUES ('440', '22', '26', 'JKT-A08', 'PC14392302', 'HENGFENG SHOES MATERIALS CO.LTD 2', 'MR. WONG 2', '1', 'BUCKLES WITH BOCO', '1000', '7.6', '0.65', null, '3879', '900/425/KG');
INSERT INTO `manifest_data` VALUES ('441', '22', '26', 'JKT-A08', 'PC14392303', 'HENGFENG SHOES MATERIALS CO.LTD 3', 'MR. WONG 3', '1', 'BUCKLES WITH BOCO', '1000', '7.6', '0.65', null, '3879', '900/425/KG');
INSERT INTO `manifest_data` VALUES ('442', '22', '26', 'JKT-A08', 'PC14392304', 'HENGFENG SHOES MATERIALS CO.LTD 4', 'MR. WONG 4', '1', 'BUCKLES WITH BOCO', '1000', '7.6', '0.65', null, '3879', '900/425/KG');
INSERT INTO `manifest_data` VALUES ('443', '22', '26', 'JKT-A08', 'PC14392305', 'HENGFENG SHOES MATERIALS CO.LTD 5', 'MR. WONG 5', '1', 'BUCKLES WITH BOCO', '1000', '7.6', '0.65', null, '3879', '900/425/KG');
INSERT INTO `manifest_data` VALUES ('444', '22', '26', 'JKT-A08', 'PC14392306', 'HENGFENG SHOES MATERIALS CO.LTD 6', 'MR. WONG 6', '1', 'BUCKLES WITH BOCO', '1000', '7.6', '0.65', null, '3879', '900/425/KG');
INSERT INTO `manifest_data` VALUES ('445', '22', '26', 'JKT-A08', 'PC14392301', 'HENGFENG SHOES MATERIALS CO.LTD 1', 'MR. WONG 1', '1', 'BUCKLES WITH BOCO', '1000', '7.6', '0.65', null, '3879', '900/425/KG');
INSERT INTO `manifest_data` VALUES ('446', '22', '26', 'JKT-A08', 'PC14392302', 'HENGFENG SHOES MATERIALS CO.LTD 2', 'MR. WONG 2', '1', 'BUCKLES WITH BOCO', '1000', '7.6', '0.65', null, '3879', '900/425/KG');
INSERT INTO `manifest_data` VALUES ('447', '22', '26', 'JKT-A08', 'PC14392303', 'HENGFENG SHOES MATERIALS CO.LTD 3', 'MR. WONG 3', '1', 'BUCKLES WITH BOCO', '1000', '7.6', '0.65', null, '3879', '900/425/KG');
INSERT INTO `manifest_data` VALUES ('448', '22', '26', 'JKT-A08', 'PC14392304', 'HENGFENG SHOES MATERIALS CO.LTD 4', 'MR. WONG 4', '1', 'BUCKLES WITH BOCO', '1000', '7.6', '0.65', null, '3879', '900/425/KG');
INSERT INTO `manifest_data` VALUES ('449', '22', '26', 'JKT-A08', 'PC14392305', 'HENGFENG SHOES MATERIALS CO.LTD 5', 'MR. WONG 5', '1', 'BUCKLES WITH BOCO', '1000', '7.6', '0.65', null, '3879', '900/425/KG');
INSERT INTO `manifest_data` VALUES ('450', '22', '26', 'JKT-A08', 'PC14392306', 'HENGFENG SHOES MATERIALS CO.LTD 6', 'MR. WONG 6', '1', 'BUCKLES WITH BOCO', '1000', '7.6', '0.65', null, '3879', '900/425/KG');
INSERT INTO `manifest_data` VALUES ('451', '22', '26', 'JKT-A08', 'PC14392301', 'HENGFENG SHOES MATERIALS CO.LTD 1', 'MR. WONG 1', '1', 'BUCKLES WITH BOCO', '1000', '7.6', '0.65', null, '3879', '900/425/KG');
INSERT INTO `manifest_data` VALUES ('452', '22', '26', 'JKT-A08', 'PC14392302', 'HENGFENG SHOES MATERIALS CO.LTD 2', 'MR. WONG 2', '1', 'BUCKLES WITH BOCO', '1000', '7.6', '0.65', null, '3879', '900/425/KG');
INSERT INTO `manifest_data` VALUES ('453', '22', '26', 'JKT-A08', 'PC14392303', 'HENGFENG SHOES MATERIALS CO.LTD 3', 'MR. WONG 3', '1', 'BUCKLES WITH BOCO', '1000', '7.6', '0.65', null, '3879', '900/425/KG');
INSERT INTO `manifest_data` VALUES ('454', '22', '26', 'JKT-A08', 'PC14392304', 'HENGFENG SHOES MATERIALS CO.LTD 4', 'MR. WONG 4', '1', 'BUCKLES WITH BOCO', '1000', '7.6', '0.65', null, '3879', '900/425/KG');
INSERT INTO `manifest_data` VALUES ('455', '22', '26', 'JKT-A08', 'PC14392305', 'HENGFENG SHOES MATERIALS CO.LTD 5', 'MR. WONG 5', '1', 'BUCKLES WITH BOCO', '1000', '7.6', '0.65', null, '3879', '900/425/KG');
INSERT INTO `manifest_data` VALUES ('456', '22', '26', 'JKT-A08', 'PC14392306', 'HENGFENG SHOES MATERIALS CO.LTD 6', 'MR. WONG 6', '1', 'BUCKLES WITH BOCO', '1000', '7.6', '0.65', null, '3879', '900/425/KG');
INSERT INTO `manifest_data` VALUES ('457', '22', '26', 'JKT-A08', 'PC14392301', 'HENGFENG SHOES MATERIALS CO.LTD 1', 'MR. WONG 1', '1', 'BUCKLES WITH BOCO', '1000', '7.6', '0.65', null, '3879', '900/425/KG');
INSERT INTO `manifest_data` VALUES ('458', '22', '26', 'JKT-A08', 'PC14392302', 'HENGFENG SHOES MATERIALS CO.LTD 2', 'MR. WONG 2', '1', 'BUCKLES WITH BOCO', '1000', '7.6', '0.65', null, '3879', '900/425/KG');
INSERT INTO `manifest_data` VALUES ('459', '22', '26', 'JKT-A08', 'PC14392303', 'HENGFENG SHOES MATERIALS CO.LTD 3', 'MR. WONG 3', '1', 'BUCKLES WITH BOCO', '1000', '7.6', '0.65', null, '3879', '900/425/KG');
INSERT INTO `manifest_data` VALUES ('460', '22', '26', 'JKT-A08', 'PC14392304', 'HENGFENG SHOES MATERIALS CO.LTD 4', 'MR. WONG 4', '1', 'BUCKLES WITH BOCO', '1000', '7.6', '0.65', null, '3879', '900/425/KG');
INSERT INTO `manifest_data` VALUES ('461', '22', '26', 'JKT-A08', 'PC14392305', 'HENGFENG SHOES MATERIALS CO.LTD 5', 'MR. WONG 5', '1', 'BUCKLES WITH BOCO', '1000', '7.6', '0.65', null, '3879', '900/425/KG');
INSERT INTO `manifest_data` VALUES ('462', '22', '26', 'JKT-A08', 'PC14392306', 'HENGFENG SHOES MATERIALS CO.LTD 6', 'MR. WONG 6', '1', 'BUCKLES WITH BOCO', '1000', '7.6', '0.65', null, '3879', '900/425/KG');
INSERT INTO `manifest_data` VALUES ('463', '22', '26', 'JKT-A08', 'PC14392301', 'HENGFENG SHOES MATERIALS CO.LTD 1', 'MR. WONG 1', '1', 'BUCKLES WITH BOCO', '1000', '7.6', '0.65', null, '3879', '900/425/KG');
INSERT INTO `manifest_data` VALUES ('464', '22', '26', 'JKT-A08', 'PC14392302', 'HENGFENG SHOES MATERIALS CO.LTD 2', 'MR. WONG 2', '1', 'BUCKLES WITH BOCO', '1000', '7.6', '0.65', null, '3879', '900/425/KG');
INSERT INTO `manifest_data` VALUES ('465', '22', '26', 'JKT-A08', 'PC14392303', 'HENGFENG SHOES MATERIALS CO.LTD 3', 'MR. WONG 3', '1', 'BUCKLES WITH BOCO', '1000', '7.6', '0.65', null, '3879', '900/425/KG');
INSERT INTO `manifest_data` VALUES ('466', '22', '26', 'JKT-A08', 'PC14392304', 'HENGFENG SHOES MATERIALS CO.LTD 4', 'MR. WONG 4', '1', 'BUCKLES WITH BOCO', '1000', '7.6', '0.65', null, '3879', '900/425/KG');
INSERT INTO `manifest_data` VALUES ('467', '22', '26', 'JKT-A08', 'PC14392305', 'HENGFENG SHOES MATERIALS CO.LTD 5', 'MR. WONG 5', '1', 'BUCKLES WITH BOCO', '1000', '7.6', '0.65', null, '3879', '900/425/KG');
INSERT INTO `manifest_data` VALUES ('468', '22', '26', 'JKT-A08', 'PC14392306', 'HENGFENG SHOES MATERIALS CO.LTD 6', 'MR. WONG 6', '1', 'BUCKLES WITH BOCO', '1000', '7.6', '0.65', null, '3879', '900/425/KG');
INSERT INTO `manifest_data` VALUES ('469', '22', '26', 'JKT-A08', 'PC14392301', 'HENGFENG SHOES MATERIALS CO.LTD 1', 'MR. WONG 1', '1', 'BUCKLES WITH BOCO', '1000', '7.6', '0.65', null, '3879', '900/425/KG');
INSERT INTO `manifest_data` VALUES ('470', '22', '26', 'JKT-A08', 'PC14392302', 'HENGFENG SHOES MATERIALS CO.LTD 2', 'MR. WONG 2', '1', 'BUCKLES WITH BOCO', '1000', '7.6', '0.65', null, '3879', '900/425/KG');
INSERT INTO `manifest_data` VALUES ('471', '22', '26', 'JKT-A08', 'PC14392303', 'HENGFENG SHOES MATERIALS CO.LTD 3', 'MR. WONG 3', '1', 'BUCKLES WITH BOCO', '1000', '7.6', '0.65', null, '3879', '900/425/KG');
INSERT INTO `manifest_data` VALUES ('472', '22', '26', 'JKT-A08', 'PC14392304', 'HENGFENG SHOES MATERIALS CO.LTD 4', 'MR. WONG 4', '1', 'BUCKLES WITH BOCO', '1000', '7.6', '0.65', null, '3879', '900/425/KG');
INSERT INTO `manifest_data` VALUES ('473', '22', '26', 'JKT-A08', 'PC14392305', 'HENGFENG SHOES MATERIALS CO.LTD 5', 'MR. WONG 5', '1', 'BUCKLES WITH BOCO', '1000', '7.6', '0.65', null, '3879', '900/425/KG');
INSERT INTO `manifest_data` VALUES ('474', '22', '26', 'JKT-A08', 'PC14392306', 'HENGFENG SHOES MATERIALS CO.LTD 6', 'MR. WONG 6', '1', 'BUCKLES WITH BOCO', '1000', '7.6', '0.65', null, '3879', '900/425/KG');
INSERT INTO `manifest_data` VALUES ('475', '22', '26', 'JKT-A08', 'PC14392301', 'HENGFENG SHOES MATERIALS CO.LTD 1', 'MR. WONG 1', '1', 'BUCKLES WITH BOCO', '1000', '7.6', '0.65', null, '3879', '900/425/KG');
INSERT INTO `manifest_data` VALUES ('476', '22', '26', 'JKT-A08', 'PC14392302', 'HENGFENG SHOES MATERIALS CO.LTD 2', 'MR. WONG 2', '1', 'BUCKLES WITH BOCO', '1000', '7.6', '0.65', null, '3879', '900/425/KG');
INSERT INTO `manifest_data` VALUES ('477', '22', '26', 'JKT-A08', 'PC14392303', 'HENGFENG SHOES MATERIALS CO.LTD 3', 'MR. WONG 3', '1', 'BUCKLES WITH BOCO', '1000', '7.6', '0.65', null, '3879', '900/425/KG');
INSERT INTO `manifest_data` VALUES ('478', '22', '26', 'JKT-A08', 'PC14392304', 'HENGFENG SHOES MATERIALS CO.LTD 4', 'MR. WONG 4', '1', 'BUCKLES WITH BOCO', '1000', '7.6', '0.65', null, '3879', '900/425/KG');
INSERT INTO `manifest_data` VALUES ('479', '22', '26', 'JKT-A08', 'PC14392305', 'HENGFENG SHOES MATERIALS CO.LTD 5', 'MR. WONG 5', '1', 'BUCKLES WITH BOCO', '1000', '7.6', '0.65', null, '3879', '900/425/KG');
INSERT INTO `manifest_data` VALUES ('480', '22', '26', 'JKT-A08', 'PC14392306', 'HENGFENG SHOES MATERIALS CO.LTD 6', 'MR. WONG 6', '1', 'BUCKLES WITH BOCO', '1000', '7.6', '0.65', null, '3879', '900/425/KG');
INSERT INTO `manifest_data` VALUES ('481', '22', '26', 'JKT-A08', 'PC14392301', 'HENGFENG SHOES MATERIALS CO.LTD 1', 'MR. WONG 1', '1', 'BUCKLES WITH BOCO', '1000', '7.6', '0.65', null, '3879', '900/425/KG');
INSERT INTO `manifest_data` VALUES ('482', '22', '26', 'JKT-A08', 'PC14392302', 'HENGFENG SHOES MATERIALS CO.LTD 2', 'MR. WONG 2', '1', 'BUCKLES WITH BOCO', '1000', '7.6', '0.65', null, '3879', '900/425/KG');
INSERT INTO `manifest_data` VALUES ('483', '22', '26', 'JKT-A08', 'PC14392303', 'HENGFENG SHOES MATERIALS CO.LTD 3', 'MR. WONG 3', '1', 'BUCKLES WITH BOCO', '1000', '7.6', '0.65', null, '3879', '900/425/KG');
INSERT INTO `manifest_data` VALUES ('484', '22', '26', 'JKT-A08', 'PC14392304', 'HENGFENG SHOES MATERIALS CO.LTD 4', 'MR. WONG 4', '1', 'BUCKLES WITH BOCO', '1000', '7.6', '0.65', null, '3879', '900/425/KG');
INSERT INTO `manifest_data` VALUES ('485', '22', '26', 'JKT-A08', 'PC14392305', 'HENGFENG SHOES MATERIALS CO.LTD 5', 'MR. WONG 5', '1', 'BUCKLES WITH BOCO', '1000', '7.6', '0.65', null, '3879', '900/425/KG');
INSERT INTO `manifest_data` VALUES ('486', '22', '26', 'JKT-A08', 'PC14392306', 'HENGFENG SHOES MATERIALS CO.LTD 6', 'MR. WONG 6', '1', 'BUCKLES WITH BOCO', '1000', '7.6', '0.65', null, '3879', '900/425/KG');
INSERT INTO `manifest_data` VALUES ('487', '22', '26', 'JKT-A08', 'PC14392301', 'HENGFENG SHOES MATERIALS CO.LTD 1', 'MR. WONG 1', '1', 'BUCKLES WITH BOCO', '1000', '7.6', '0.65', null, '3879', '900/425/KG');
INSERT INTO `manifest_data` VALUES ('488', '22', '26', 'JKT-A08', 'PC14392302', 'HENGFENG SHOES MATERIALS CO.LTD 2', 'MR. WONG 2', '1', 'BUCKLES WITH BOCO', '1000', '7.6', '0.65', null, '3879', '900/425/KG');
INSERT INTO `manifest_data` VALUES ('489', '22', '26', 'JKT-A08', 'PC14392303', 'HENGFENG SHOES MATERIALS CO.LTD 3', 'MR. WONG 3', '1', 'BUCKLES WITH BOCO', '1000', '7.6', '0.65', null, '3879', '900/425/KG');
INSERT INTO `manifest_data` VALUES ('490', '22', '26', 'JKT-A08', 'PC14392304', 'HENGFENG SHOES MATERIALS CO.LTD 4', 'MR. WONG 4', '1', 'BUCKLES WITH BOCO', '1000', '7.6', '0.65', null, '3879', '900/425/KG');
INSERT INTO `manifest_data` VALUES ('491', '22', '26', 'JKT-A08', 'PC14392305', 'HENGFENG SHOES MATERIALS CO.LTD 5', 'MR. WONG 5', '1', 'BUCKLES WITH BOCO', '1000', '7.6', '0.65', null, '3879', '900/425/KG');
INSERT INTO `manifest_data` VALUES ('492', '22', '26', 'JKT-A08', 'PC14392306', 'HENGFENG SHOES MATERIALS CO.LTD 6', 'MR. WONG 6', '1', 'BUCKLES WITH BOCO', '1000', '7.6', '0.65', null, '3879', '900/425/KG');
INSERT INTO `manifest_data` VALUES ('493', '22', '26', 'JKT-A08', 'PC14392301', 'HENGFENG SHOES MATERIALS CO.LTD 1', 'MR. WONG 1', '1', 'BUCKLES WITH BOCO', '1000', '7.6', '0.65', null, '3879', '900/425/KG');
INSERT INTO `manifest_data` VALUES ('494', '22', '26', 'JKT-A08', 'PC14392302', 'HENGFENG SHOES MATERIALS CO.LTD 2', 'MR. WONG 2', '1', 'BUCKLES WITH BOCO', '1000', '7.6', '0.65', null, '3879', '900/425/KG');
INSERT INTO `manifest_data` VALUES ('495', '22', '26', 'JKT-A08', 'PC14392303', 'HENGFENG SHOES MATERIALS CO.LTD 3', 'MR. WONG 3', '1', 'BUCKLES WITH BOCO', '1000', '7.6', '0.65', null, '3879', '900/425/KG');
INSERT INTO `manifest_data` VALUES ('496', '22', '26', 'JKT-A08', 'PC14392304', 'HENGFENG SHOES MATERIALS CO.LTD 4', 'MR. WONG 4', '1', 'BUCKLES WITH BOCO', '1000', '7.6', '0.65', null, '3879', '900/425/KG');
INSERT INTO `manifest_data` VALUES ('497', '22', '26', 'JKT-A08', 'PC14392305', 'HENGFENG SHOES MATERIALS CO.LTD 5', 'MR. WONG 5', '1', 'BUCKLES WITH BOCO', '1000', '7.6', '0.65', null, '3879', '900/425/KG');
INSERT INTO `manifest_data` VALUES ('498', '22', '26', 'JKT-A08', 'PC14392306', 'HENGFENG SHOES MATERIALS CO.LTD 6', 'MR. WONG 6', '1', 'BUCKLES WITH BOCO', '1000', '7.6', '0.65', null, '3879', '900/425/KG');
INSERT INTO `manifest_data` VALUES ('499', '22', '26', 'JKT-A08', 'PC14392301', 'HENGFENG SHOES MATERIALS CO.LTD 1', 'MR. WONG 1', '1', 'BUCKLES WITH BOCO', '1000', '7.6', '0.65', null, '3879', '900/425/KG');
INSERT INTO `manifest_data` VALUES ('500', '22', '26', 'JKT-A08', 'PC14392302', 'HENGFENG SHOES MATERIALS CO.LTD 2', 'MR. WONG 2', '1', 'BUCKLES WITH BOCO', '1000', '7.6', '0.65', null, '3879', '900/425/KG');
INSERT INTO `manifest_data` VALUES ('501', '22', '26', 'JKT-A08', 'PC14392303', 'HENGFENG SHOES MATERIALS CO.LTD 3', 'MR. WONG 3', '1', 'BUCKLES WITH BOCO', '1000', '7.6', '0.65', null, '3879', '900/425/KG');
INSERT INTO `manifest_data` VALUES ('502', '22', '26', 'JKT-A08', 'PC14392304', 'HENGFENG SHOES MATERIALS CO.LTD 4', 'MR. WONG 4', '1', 'BUCKLES WITH BOCO', '1000', '7.6', '0.65', null, '3879', '900/425/KG');
INSERT INTO `manifest_data` VALUES ('503', '22', '26', 'JKT-A08', 'PC14392305', 'HENGFENG SHOES MATERIALS CO.LTD 5', 'MR. WONG 5', '1', 'BUCKLES WITH BOCO', '1000', '7.6', '0.65', null, '3879', '900/425/KG');
INSERT INTO `manifest_data` VALUES ('504', '22', '26', 'JKT-A08', 'PC14392306', 'HENGFENG SHOES MATERIALS CO.LTD 6', 'MR. WONG 6', '1', 'BUCKLES WITH BOCO', '1000', '7.6', '0.65', null, '3879', '900/425/KG');
INSERT INTO `manifest_data` VALUES ('505', '22', '26', 'JKT-A08', 'PC14392301', 'HENGFENG SHOES MATERIALS CO.LTD 1', 'MR. WONG 1', '1', 'BUCKLES WITH BOCO', '1000', '7.6', '0.65', null, '3879', '900/425/KG');
INSERT INTO `manifest_data` VALUES ('506', '22', '26', 'JKT-A08', 'PC14392302', 'HENGFENG SHOES MATERIALS CO.LTD 2', 'MR. WONG 2', '1', 'BUCKLES WITH BOCO', '1000', '7.6', '0.65', null, '3879', '900/425/KG');
INSERT INTO `manifest_data` VALUES ('507', '22', '26', 'JKT-A08', 'PC14392303', 'HENGFENG SHOES MATERIALS CO.LTD 3', 'MR. WONG 3', '1', 'BUCKLES WITH BOCO', '1000', '7.6', '0.65', null, '3879', '900/425/KG');
INSERT INTO `manifest_data` VALUES ('508', '22', '26', 'JKT-A08', 'PC14392304', 'HENGFENG SHOES MATERIALS CO.LTD 4', 'MR. WONG 4', '1', 'BUCKLES WITH BOCO', '1000', '7.6', '0.65', null, '3879', '900/425/KG');
INSERT INTO `manifest_data` VALUES ('509', '22', '26', 'JKT-A08', 'PC14392305', 'HENGFENG SHOES MATERIALS CO.LTD 5', 'MR. WONG 5', '1', 'BUCKLES WITH BOCO', '1000', '7.6', '0.65', null, '3879', '900/425/KG');
INSERT INTO `manifest_data` VALUES ('510', '22', '26', 'JKT-A08', 'PC14392306', 'HENGFENG SHOES MATERIALS CO.LTD 6', 'MR. WONG 6', '1', 'BUCKLES WITH BOCO', '1000', '7.6', '0.65', null, '3879', '900/425/KG');
INSERT INTO `manifest_data` VALUES ('511', '22', '26', 'JKT-A08', 'PC14392301', 'HENGFENG SHOES MATERIALS CO.LTD 1', 'MR. WONG 1', '1', 'BUCKLES WITH BOCO', '1000', '7.6', '0.65', null, '3879', '900/425/KG');
INSERT INTO `manifest_data` VALUES ('512', '22', '26', 'JKT-A08', 'PC14392302', 'HENGFENG SHOES MATERIALS CO.LTD 2', 'MR. WONG 2', '1', 'BUCKLES WITH BOCO', '1000', '7.6', '0.65', null, '3879', '900/425/KG');
INSERT INTO `manifest_data` VALUES ('513', '22', '26', 'JKT-A08', 'PC14392303', 'HENGFENG SHOES MATERIALS CO.LTD 3', 'MR. WONG 3', '1', 'BUCKLES WITH BOCO', '1000', '7.6', '0.65', null, '3879', '900/425/KG');
INSERT INTO `manifest_data` VALUES ('514', '22', '26', 'JKT-A08', 'PC14392304', 'HENGFENG SHOES MATERIALS CO.LTD 4', 'MR. WONG 4', '1', 'BUCKLES WITH BOCO', '1000', '7.6', '0.65', null, '3879', '900/425/KG');
INSERT INTO `manifest_data` VALUES ('515', '22', '26', 'JKT-A08', 'PC14392305', 'HENGFENG SHOES MATERIALS CO.LTD 5', 'MR. WONG 5', '1', 'BUCKLES WITH BOCO', '1000', '7.6', '0.65', null, '3879', '900/425/KG');
INSERT INTO `manifest_data` VALUES ('516', '22', '26', 'JKT-A08', 'PC14392306', 'HENGFENG SHOES MATERIALS CO.LTD 6', 'MR. WONG 6', '1', 'BUCKLES WITH BOCO', '1000', '7.6', '0.65', null, '3879', '900/425/KG');
INSERT INTO `manifest_data` VALUES ('517', '22', '26', 'JKT-A08', 'PC14392301', 'HENGFENG SHOES MATERIALS CO.LTD 1', 'MR. WONG 1', '1', 'BUCKLES WITH BOCO', '1000', '7.6', '0.65', null, '3879', '900/425/KG');
INSERT INTO `manifest_data` VALUES ('518', '22', '26', 'JKT-A08', 'PC14392302', 'HENGFENG SHOES MATERIALS CO.LTD 2', 'MR. WONG 2', '1', 'BUCKLES WITH BOCO', '1000', '7.6', '0.65', null, '3879', '900/425/KG');
INSERT INTO `manifest_data` VALUES ('519', '22', '26', 'JKT-A08', 'PC14392303', 'HENGFENG SHOES MATERIALS CO.LTD 3', 'MR. WONG 3', '1', 'BUCKLES WITH BOCO', '1000', '7.6', '0.65', null, '3879', '900/425/KG');
INSERT INTO `manifest_data` VALUES ('520', '22', '26', 'JKT-A08', 'PC14392304', 'HENGFENG SHOES MATERIALS CO.LTD 4', 'MR. WONG 4', '1', 'BUCKLES WITH BOCO', '1000', '7.6', '0.65', null, '3879', '900/425/KG');
INSERT INTO `manifest_data` VALUES ('521', '22', '26', 'JKT-A08', 'PC14392305', 'HENGFENG SHOES MATERIALS CO.LTD 5', 'MR. WONG 5', '1', 'BUCKLES WITH BOCO', '1000', '7.6', '0.65', null, '3879', '900/425/KG');
INSERT INTO `manifest_data` VALUES ('522', '22', '26', 'JKT-A08', 'PC14392306', 'HENGFENG SHOES MATERIALS CO.LTD 6', 'MR. WONG 6', '1', 'BUCKLES WITH BOCO', '1000', '7.6', '0.65', null, '3879', '900/425/KG');
INSERT INTO `manifest_data` VALUES ('523', '22', '26', 'JKT-A08', 'PC14392301', 'HENGFENG SHOES MATERIALS CO.LTD 1', 'MR. WONG 1', '1', 'BUCKLES WITH BOCO', '1000', '7.6', '0.65', null, '3879', '900/425/KG');
INSERT INTO `manifest_data` VALUES ('524', '22', '26', 'JKT-A08', 'PC14392302', 'HENGFENG SHOES MATERIALS CO.LTD 2', 'MR. WONG 2', '1', 'BUCKLES WITH BOCO', '1000', '7.6', '0.65', null, '3879', '900/425/KG');
INSERT INTO `manifest_data` VALUES ('525', '22', '26', 'JKT-A08', 'PC14392303', 'HENGFENG SHOES MATERIALS CO.LTD 3', 'MR. WONG 3', '1', 'BUCKLES WITH BOCO', '1000', '7.6', '0.65', null, '3879', '900/425/KG');
INSERT INTO `manifest_data` VALUES ('526', '22', '26', 'JKT-A08', 'PC14392304', 'HENGFENG SHOES MATERIALS CO.LTD 4', 'MR. WONG 4', '1', 'BUCKLES WITH BOCO', '1000', '7.6', '0.65', null, '3879', '900/425/KG');
INSERT INTO `manifest_data` VALUES ('527', '22', '26', 'JKT-A08', 'PC14392305', 'HENGFENG SHOES MATERIALS CO.LTD 5', 'MR. WONG 5', '1', 'BUCKLES WITH BOCO', '1000', '7.6', '0.65', null, '3879', '900/425/KG');
INSERT INTO `manifest_data` VALUES ('528', '22', '26', 'JKT-A08', 'PC14392306', 'HENGFENG SHOES MATERIALS CO.LTD 6', 'MR. WONG 6', '1', 'BUCKLES WITH BOCO', '1000', '7.6', '0.65', null, '3879', '900/425/KG');
INSERT INTO `manifest_data` VALUES ('529', '22', '26', 'JKT-A08', 'PC14392301', 'HENGFENG SHOES MATERIALS CO.LTD 1', 'MR. WONG 1', '1', 'BUCKLES WITH BOCO', '1000', '7.6', '0.65', null, '3879', '900/425/KG');
INSERT INTO `manifest_data` VALUES ('530', '22', '26', 'JKT-A08', 'PC14392302', 'HENGFENG SHOES MATERIALS CO.LTD 2', 'MR. WONG 2', '1', 'BUCKLES WITH BOCO', '1000', '7.6', '0.65', null, '3879', '900/425/KG');
INSERT INTO `manifest_data` VALUES ('531', '22', '26', 'JKT-A08', 'PC14392303', 'HENGFENG SHOES MATERIALS CO.LTD 3', 'MR. WONG 3', '1', 'BUCKLES WITH BOCO', '1000', '7.6', '0.65', null, '3879', '900/425/KG');
INSERT INTO `manifest_data` VALUES ('532', '22', '26', 'JKT-A08', 'PC14392304', 'HENGFENG SHOES MATERIALS CO.LTD 4', 'MR. WONG 4', '1', 'BUCKLES WITH BOCO', '1000', '7.6', '0.65', null, '3879', '900/425/KG');
INSERT INTO `manifest_data` VALUES ('533', '22', '26', 'JKT-A08', 'PC14392305', 'HENGFENG SHOES MATERIALS CO.LTD 5', 'MR. WONG 5', '1', 'BUCKLES WITH BOCO', '1000', '7.6', '0.65', null, '3879', '900/425/KG');
INSERT INTO `manifest_data` VALUES ('534', '22', '26', 'JKT-A08', 'PC14392306', 'HENGFENG SHOES MATERIALS CO.LTD 6', 'MR. WONG 6', '1', 'BUCKLES WITH BOCO', '1000', '7.6', '0.65', null, '3879', '900/425/KG');
INSERT INTO `manifest_data` VALUES ('535', '22', '26', 'JKT-A08', 'PC14392301', 'HENGFENG SHOES MATERIALS CO.LTD 1', 'MR. WONG 1', '1', 'BUCKLES WITH BOCO', '1000', '7.6', '0.65', null, '3879', '900/425/KG');
INSERT INTO `manifest_data` VALUES ('536', '22', '26', 'JKT-A08', 'PC14392302', 'HENGFENG SHOES MATERIALS CO.LTD 2', 'MR. WONG 2', '1', 'BUCKLES WITH BOCO', '1000', '7.6', '0.65', null, '3879', '900/425/KG');
INSERT INTO `manifest_data` VALUES ('537', '22', '26', 'JKT-A08', 'PC14392303', 'HENGFENG SHOES MATERIALS CO.LTD 3', 'MR. WONG 3', '1', 'BUCKLES WITH BOCO', '1000', '7.6', '0.65', null, '3879', '900/425/KG');
INSERT INTO `manifest_data` VALUES ('538', '22', '26', 'JKT-A08', 'PC14392304', 'HENGFENG SHOES MATERIALS CO.LTD 4', 'MR. WONG 4', '1', 'BUCKLES WITH BOCO', '1000', '7.6', '0.65', null, '3879', '900/425/KG');
INSERT INTO `manifest_data` VALUES ('539', '22', '26', 'JKT-A08', 'PC14392305', 'HENGFENG SHOES MATERIALS CO.LTD 5', 'MR. WONG 5', '1', 'BUCKLES WITH BOCO', '1000', '7.6', '0.65', null, '3879', '900/425/KG');
INSERT INTO `manifest_data` VALUES ('540', '22', '26', 'JKT-A08', 'PC14392306', 'HENGFENG SHOES MATERIALS CO.LTD 6', 'MR. WONG 6', '1', 'BUCKLES WITH BOCO', '1000', '7.6', '0.65', null, '3879', '900/425/KG');
INSERT INTO `manifest_data` VALUES ('541', '22', '26', 'JKT-A08', 'PC14392301', 'HENGFENG SHOES MATERIALS CO.LTD 1', 'MR. WONG 1', '1', 'BUCKLES WITH BOCO', '1000', '7.6', '0.65', null, '3879', '900/425/KG');
INSERT INTO `manifest_data` VALUES ('542', '22', '26', 'JKT-A08', 'PC14392302', 'HENGFENG SHOES MATERIALS CO.LTD 2', 'MR. WONG 2', '1', 'BUCKLES WITH BOCO', '1000', '7.6', '0.65', null, '3879', '900/425/KG');
INSERT INTO `manifest_data` VALUES ('543', '22', '26', 'JKT-A08', 'PC14392303', 'HENGFENG SHOES MATERIALS CO.LTD 3', 'MR. WONG 3', '1', 'BUCKLES WITH BOCO', '1000', '7.6', '0.65', null, '3879', '900/425/KG');
INSERT INTO `manifest_data` VALUES ('544', '22', '26', 'JKT-A08', 'PC14392304', 'HENGFENG SHOES MATERIALS CO.LTD 4', 'MR. WONG 4', '1', 'BUCKLES WITH BOCO', '1000', '7.6', '0.65', null, '3879', '900/425/KG');
INSERT INTO `manifest_data` VALUES ('545', '22', '26', 'JKT-A08', 'PC14392305', 'HENGFENG SHOES MATERIALS CO.LTD 5', 'MR. WONG 5', '1', 'BUCKLES WITH BOCO', '1000', '7.6', '0.65', null, '3879', '900/425/KG');
INSERT INTO `manifest_data` VALUES ('546', '22', '26', 'JKT-A08', 'PC14392306', 'HENGFENG SHOES MATERIALS CO.LTD 6', 'MR. WONG 6', '1', 'BUCKLES WITH BOCO', '1000', '7.6', '0.65', null, '3879', '900/425/KG');
INSERT INTO `manifest_data` VALUES ('547', '22', '26', 'JKT-A08', 'PC14392301', 'HENGFENG SHOES MATERIALS CO.LTD 1', 'MR. WONG 1', '1', 'BUCKLES WITH BOCO', '1000', '7.6', '0.65', null, '3879', '900/425/KG');
INSERT INTO `manifest_data` VALUES ('548', '22', '26', 'JKT-A08', 'PC14392302', 'HENGFENG SHOES MATERIALS CO.LTD 2', 'MR. WONG 2', '1', 'BUCKLES WITH BOCO', '1000', '7.6', '0.65', null, '3879', '900/425/KG');
INSERT INTO `manifest_data` VALUES ('549', '22', '26', 'JKT-A08', 'PC14392303', 'HENGFENG SHOES MATERIALS CO.LTD 3', 'MR. WONG 3', '1', 'BUCKLES WITH BOCO', '1000', '7.6', '0.65', null, '3879', '900/425/KG');
INSERT INTO `manifest_data` VALUES ('550', '22', '26', 'JKT-A08', 'PC14392304', 'HENGFENG SHOES MATERIALS CO.LTD 4', 'MR. WONG 4', '1', 'BUCKLES WITH BOCO', '1000', '7.6', '0.65', null, '3879', '900/425/KG');
INSERT INTO `manifest_data` VALUES ('551', '22', '26', 'JKT-A08', 'PC14392305', 'HENGFENG SHOES MATERIALS CO.LTD 5', 'MR. WONG 5', '1', 'BUCKLES WITH BOCO', '1000', '7.6', '0.65', null, '3879', '900/425/KG');
INSERT INTO `manifest_data` VALUES ('552', '22', '26', 'JKT-A08', 'PC14392306', 'HENGFENG SHOES MATERIALS CO.LTD 6', 'MR. WONG 6', '1', 'BUCKLES WITH BOCO', '1000', '7.6', '0.65', null, '3879', '900/425/KG');
INSERT INTO `manifest_data` VALUES ('553', '22', '26', 'JKT-A08', 'PC14392301', 'HENGFENG SHOES MATERIALS CO.LTD 1', 'MR. WONG 1', '1', 'BUCKLES WITH BOCO', '1000', '7.6', '0.65', null, '3879', '900/425/KG');
INSERT INTO `manifest_data` VALUES ('554', '22', '26', 'JKT-A08', 'PC14392302', 'HENGFENG SHOES MATERIALS CO.LTD 2', 'MR. WONG 2', '1', 'BUCKLES WITH BOCO', '1000', '7.6', '0.65', null, '3879', '900/425/KG');
INSERT INTO `manifest_data` VALUES ('555', '22', '26', 'JKT-A08', 'PC14392303', 'HENGFENG SHOES MATERIALS CO.LTD 3', 'MR. WONG 3', '1', 'BUCKLES WITH BOCO', '1000', '7.6', '0.65', null, '3879', '900/425/KG');
INSERT INTO `manifest_data` VALUES ('556', '22', '26', 'JKT-A08', 'PC14392304', 'HENGFENG SHOES MATERIALS CO.LTD 4', 'MR. WONG 4', '1', 'BUCKLES WITH BOCO', '1000', '7.6', '0.65', null, '3879', '900/425/KG');
INSERT INTO `manifest_data` VALUES ('557', '22', '26', 'JKT-A08', 'PC14392305', 'HENGFENG SHOES MATERIALS CO.LTD 5', 'MR. WONG 5', '1', 'BUCKLES WITH BOCO', '1000', '7.6', '0.65', null, '3879', '900/425/KG');
INSERT INTO `manifest_data` VALUES ('558', '22', '26', 'JKT-A08', 'PC14392306', 'HENGFENG SHOES MATERIALS CO.LTD 6', 'MR. WONG 6', '1', 'BUCKLES WITH BOCO', '1000', '7.6', '0.65', null, '3879', '900/425/KG');
INSERT INTO `manifest_data` VALUES ('559', '22', '26', 'JKT-A08', 'PC14392301', 'HENGFENG SHOES MATERIALS CO.LTD 1', 'MR. WONG 1', '1', 'BUCKLES WITH BOCO', '1000', '7.6', '0.65', null, '3879', '900/425/KG');
INSERT INTO `manifest_data` VALUES ('560', '22', '26', 'JKT-A08', 'PC14392302', 'HENGFENG SHOES MATERIALS CO.LTD 2', 'MR. WONG 2', '1', 'BUCKLES WITH BOCO', '1000', '7.6', '0.65', null, '3879', '900/425/KG');
INSERT INTO `manifest_data` VALUES ('561', '22', '26', 'JKT-A08', 'PC14392303', 'HENGFENG SHOES MATERIALS CO.LTD 3', 'MR. WONG 3', '1', 'BUCKLES WITH BOCO', '1000', '7.6', '0.65', null, '3879', '900/425/KG');
INSERT INTO `manifest_data` VALUES ('562', '22', '26', 'JKT-A08', 'PC14392304', 'HENGFENG SHOES MATERIALS CO.LTD 4', 'MR. WONG 4', '1', 'BUCKLES WITH BOCO', '1000', '7.6', '0.65', null, '3879', '900/425/KG');
INSERT INTO `manifest_data` VALUES ('563', '22', '26', 'JKT-A08', 'PC14392305', 'HENGFENG SHOES MATERIALS CO.LTD 5', 'MR. WONG 5', '1', 'BUCKLES WITH BOCO', '1000', '7.6', '0.65', null, '3879', '900/425/KG');
INSERT INTO `manifest_data` VALUES ('564', '22', '26', 'JKT-A08', 'PC14392306', 'HENGFENG SHOES MATERIALS CO.LTD 6', 'MR. WONG 6', '1', 'BUCKLES WITH BOCO', '1000', '7.6', '0.65', null, '3879', '900/425/KG');
INSERT INTO `manifest_data` VALUES ('565', '22', '26', 'JKT-A08', 'PC14392301', 'HENGFENG SHOES MATERIALS CO.LTD 1', 'MR. WONG 1', '1', 'BUCKLES WITH BOCO', '1000', '7.6', '0.65', null, '3879', '900/425/KG');
INSERT INTO `manifest_data` VALUES ('566', '22', '26', 'JKT-A08', 'PC14392302', 'HENGFENG SHOES MATERIALS CO.LTD 2', 'MR. WONG 2', '1', 'BUCKLES WITH BOCO', '1000', '7.6', '0.65', null, '3879', '900/425/KG');
INSERT INTO `manifest_data` VALUES ('567', '22', '26', 'JKT-A08', 'PC14392303', 'HENGFENG SHOES MATERIALS CO.LTD 3', 'MR. WONG 3', '1', 'BUCKLES WITH BOCO', '1000', '7.6', '0.65', null, '3879', '900/425/KG');
INSERT INTO `manifest_data` VALUES ('568', '22', '26', 'JKT-A08', 'PC14392304', 'HENGFENG SHOES MATERIALS CO.LTD 4', 'MR. WONG 4', '1', 'BUCKLES WITH BOCO', '1000', '7.6', '0.65', null, '3879', '900/425/KG');
INSERT INTO `manifest_data` VALUES ('569', '22', '26', 'JKT-A08', 'PC14392305', 'HENGFENG SHOES MATERIALS CO.LTD 5', 'MR. WONG 5', '1', 'BUCKLES WITH BOCO', '1000', '7.6', '0.65', null, '3879', '900/425/KG');
INSERT INTO `manifest_data` VALUES ('570', '22', '26', 'JKT-A08', 'PC14392306', 'HENGFENG SHOES MATERIALS CO.LTD 6', 'MR. WONG 6', '1', 'BUCKLES WITH BOCO', '1000', '7.6', '0.65', null, '3879', '900/425/KG');
INSERT INTO `manifest_data` VALUES ('571', '22', '26', 'JKT-A08', 'PC14392301', 'HENGFENG SHOES MATERIALS CO.LTD 1', 'MR. WONG 1', '1', 'BUCKLES WITH BOCO', '1000', '7.6', '0.65', null, '3879', '900/425/KG');
INSERT INTO `manifest_data` VALUES ('572', '22', '26', 'JKT-A08', 'PC14392302', 'HENGFENG SHOES MATERIALS CO.LTD 2', 'MR. WONG 2', '1', 'BUCKLES WITH BOCO', '1000', '7.6', '0.65', null, '3879', '900/425/KG');
INSERT INTO `manifest_data` VALUES ('573', '22', '26', 'JKT-A08', 'PC14392303', 'HENGFENG SHOES MATERIALS CO.LTD 3', 'MR. WONG 3', '1', 'BUCKLES WITH BOCO', '1000', '7.6', '0.65', null, '3879', '900/425/KG');
INSERT INTO `manifest_data` VALUES ('574', '22', '26', 'JKT-A08', 'PC14392304', 'HENGFENG SHOES MATERIALS CO.LTD 4', 'MR. WONG 4', '1', 'BUCKLES WITH BOCO', '1000', '7.6', '0.65', null, '3879', '900/425/KG');
INSERT INTO `manifest_data` VALUES ('575', '22', '26', 'JKT-A08', 'PC14392305', 'HENGFENG SHOES MATERIALS CO.LTD 5', 'MR. WONG 5', '1', 'BUCKLES WITH BOCO', '1000', '7.6', '0.65', null, '3879', '900/425/KG');
INSERT INTO `manifest_data` VALUES ('576', '22', '26', 'JKT-A08', 'PC14392306', 'HENGFENG SHOES MATERIALS CO.LTD 6', 'MR. WONG 6', '1', 'BUCKLES WITH BOCO', '1000', '7.6', '0.65', null, '3879', '900/425/KG');
INSERT INTO `manifest_data` VALUES ('577', '22', '26', 'JKT-A08', 'PC14392301', 'HENGFENG SHOES MATERIALS CO.LTD 1', 'MR. WONG 1', '1', 'BUCKLES WITH BOCO', '1000', '7.6', '0.65', null, '3879', '900/425/KG');
INSERT INTO `manifest_data` VALUES ('578', '22', '26', 'JKT-A08', 'PC14392302', 'HENGFENG SHOES MATERIALS CO.LTD 2', 'MR. WONG 2', '1', 'BUCKLES WITH BOCO', '1000', '7.6', '0.65', null, '3879', '900/425/KG');
INSERT INTO `manifest_data` VALUES ('579', '22', '26', 'JKT-A08', 'PC14392303', 'HENGFENG SHOES MATERIALS CO.LTD 3', 'MR. WONG 3', '1', 'BUCKLES WITH BOCO', '1000', '7.6', '0.65', null, '3879', '900/425/KG');
INSERT INTO `manifest_data` VALUES ('580', '22', '26', 'JKT-A08', 'PC14392304', 'HENGFENG SHOES MATERIALS CO.LTD 4', 'MR. WONG 4', '1', 'BUCKLES WITH BOCO', '1000', '7.6', '0.65', null, '3879', '900/425/KG');
INSERT INTO `manifest_data` VALUES ('581', '22', '26', 'JKT-A08', 'PC14392305', 'HENGFENG SHOES MATERIALS CO.LTD 5', 'MR. WONG 5', '1', 'BUCKLES WITH BOCO', '1000', '7.6', '0.65', null, '3879', '900/425/KG');
INSERT INTO `manifest_data` VALUES ('582', '22', '26', 'JKT-A08', 'PC14392306', 'HENGFENG SHOES MATERIALS CO.LTD 6', 'MR. WONG 6', '1', 'BUCKLES WITH BOCO', '1000', '7.6', '0.65', null, '3879', '900/425/KG');
INSERT INTO `manifest_data` VALUES ('583', '22', '26', 'JKT-A08', 'PC14392301', 'HENGFENG SHOES MATERIALS CO.LTD 1', 'MR. WONG 1', '1', 'BUCKLES WITH BOCO', '1000', '7.6', '0.65', null, '3879', '900/425/KG');
INSERT INTO `manifest_data` VALUES ('584', '22', '26', 'JKT-A08', 'PC14392302', 'HENGFENG SHOES MATERIALS CO.LTD 2', 'MR. WONG 2', '1', 'BUCKLES WITH BOCO', '1000', '7.6', '0.65', null, '3879', '900/425/KG');
INSERT INTO `manifest_data` VALUES ('585', '22', '26', 'JKT-A08', 'PC14392303', 'HENGFENG SHOES MATERIALS CO.LTD 3', 'MR. WONG 3', '1', 'BUCKLES WITH BOCO', '1000', '7.6', '0.65', null, '3879', '900/425/KG');
INSERT INTO `manifest_data` VALUES ('586', '22', '26', 'JKT-A08', 'PC14392304', 'HENGFENG SHOES MATERIALS CO.LTD 4', 'MR. WONG 4', '1', 'BUCKLES WITH BOCO', '1000', '7.6', '0.65', null, '3879', '900/425/KG');
INSERT INTO `manifest_data` VALUES ('587', '22', '26', 'JKT-A08', 'PC14392305', 'HENGFENG SHOES MATERIALS CO.LTD 5', 'MR. WONG 5', '1', 'BUCKLES WITH BOCO', '1000', '7.6', '0.65', null, '3879', '900/425/KG');
INSERT INTO `manifest_data` VALUES ('588', '22', '26', 'JKT-A08', 'PC14392306', 'HENGFENG SHOES MATERIALS CO.LTD 6', 'MR. WONG 6', '1', 'BUCKLES WITH BOCO', '1000', '7.6', '0.65', null, '3879', '900/425/KG');
INSERT INTO `manifest_data` VALUES ('589', '22', '26', 'JKT-A08', 'PC14392301', 'HENGFENG SHOES MATERIALS CO.LTD 1', 'MR. WONG 1', '1', 'BUCKLES WITH BOCO', '1000', '7.6', '0.65', null, '3879', '900/425/KG');
INSERT INTO `manifest_data` VALUES ('590', '22', '26', 'JKT-A08', 'PC14392302', 'HENGFENG SHOES MATERIALS CO.LTD 2', 'MR. WONG 2', '1', 'BUCKLES WITH BOCO', '1000', '7.6', '0.65', null, '3879', '900/425/KG');
INSERT INTO `manifest_data` VALUES ('591', '22', '26', 'JKT-A08', 'PC14392303', 'HENGFENG SHOES MATERIALS CO.LTD 3', 'MR. WONG 3', '1', 'BUCKLES WITH BOCO', '1000', '7.6', '0.65', null, '3879', '900/425/KG');
INSERT INTO `manifest_data` VALUES ('592', '22', '26', 'JKT-A08', 'PC14392304', 'HENGFENG SHOES MATERIALS CO.LTD 4', 'MR. WONG 4', '1', 'BUCKLES WITH BOCO', '1000', '7.6', '0.65', null, '3879', '900/425/KG');
INSERT INTO `manifest_data` VALUES ('593', '22', '26', 'JKT-A08', 'PC14392305', 'HENGFENG SHOES MATERIALS CO.LTD 5', 'MR. WONG 5', '1', 'BUCKLES WITH BOCO', '1000', '7.6', '0.65', null, '3879', '900/425/KG');
INSERT INTO `manifest_data` VALUES ('594', '22', '26', 'JKT-A08', 'PC14392306', 'HENGFENG SHOES MATERIALS CO.LTD 6', 'MR. WONG 6', '1', 'BUCKLES WITH BOCO', '1000', '7.6', '0.65', null, '3879', '900/425/KG');
INSERT INTO `manifest_data` VALUES ('595', '22', '26', 'JKT-A08', 'PC14392301', 'HENGFENG SHOES MATERIALS CO.LTD 1', 'MR. WONG 1', '1', 'BUCKLES WITH BOCO', '1000', '7.6', '0.65', null, '3879', '900/425/KG');
INSERT INTO `manifest_data` VALUES ('596', '22', '26', 'JKT-A08', 'PC14392302', 'HENGFENG SHOES MATERIALS CO.LTD 2', 'MR. WONG 2', '1', 'BUCKLES WITH BOCO', '1000', '7.6', '0.65', null, '3879', '900/425/KG');
INSERT INTO `manifest_data` VALUES ('597', '22', '26', 'JKT-A08', 'PC14392303', 'HENGFENG SHOES MATERIALS CO.LTD 3', 'MR. WONG 3', '1', 'BUCKLES WITH BOCO', '1000', '7.6', '0.65', null, '3879', '900/425/KG');
INSERT INTO `manifest_data` VALUES ('598', '22', '26', 'JKT-A08', 'PC14392304', 'HENGFENG SHOES MATERIALS CO.LTD 4', 'MR. WONG 4', '1', 'BUCKLES WITH BOCO', '1000', '7.6', '0.65', null, '3879', '900/425/KG');
INSERT INTO `manifest_data` VALUES ('599', '22', '26', 'JKT-A08', 'PC14392305', 'HENGFENG SHOES MATERIALS CO.LTD 5', 'MR. WONG 5', '1', 'BUCKLES WITH BOCO', '1000', '7.6', '0.65', null, '3879', '900/425/KG');
INSERT INTO `manifest_data` VALUES ('600', '22', '26', 'JKT-A08', 'PC14392306', 'HENGFENG SHOES MATERIALS CO.LTD 6', 'MR. WONG 6', '1', 'BUCKLES WITH BOCO', '1000', '7.6', '0.65', null, '3879', '900/425/KG');
INSERT INTO `manifest_data` VALUES ('601', '22', '26', 'JKT-A08', 'PC14392301', 'HENGFENG SHOES MATERIALS CO.LTD 1', 'MR. WONG 1', '1', 'BUCKLES WITH BOCO', '1000', '7.6', '0.65', null, '3879', '900/425/KG');
INSERT INTO `manifest_data` VALUES ('602', '22', '26', 'JKT-A08', 'PC14392302', 'HENGFENG SHOES MATERIALS CO.LTD 2', 'MR. WONG 2', '1', 'BUCKLES WITH BOCO', '1000', '7.6', '0.65', null, '3879', '900/425/KG');
INSERT INTO `manifest_data` VALUES ('603', '22', '26', 'JKT-A08', 'PC14392303', 'HENGFENG SHOES MATERIALS CO.LTD 3', 'MR. WONG 3', '1', 'BUCKLES WITH BOCO', '1000', '7.6', '0.65', null, '3879', '900/425/KG');
INSERT INTO `manifest_data` VALUES ('604', '22', '26', 'JKT-A08', 'PC14392304', 'HENGFENG SHOES MATERIALS CO.LTD 4', 'MR. WONG 4', '1', 'BUCKLES WITH BOCO', '1000', '7.6', '0.65', null, '3879', '900/425/KG');
INSERT INTO `manifest_data` VALUES ('605', '22', '26', 'JKT-A08', 'PC14392305', 'HENGFENG SHOES MATERIALS CO.LTD 5', 'MR. WONG 5', '1', 'BUCKLES WITH BOCO', '1000', '7.6', '0.65', null, '3879', '900/425/KG');
INSERT INTO `manifest_data` VALUES ('606', '22', '26', 'JKT-A08', 'PC14392306', 'HENGFENG SHOES MATERIALS CO.LTD 6', 'MR. WONG 6', '1', 'BUCKLES WITH BOCO', '1000', '7.6', '0.65', null, '3879', '900/425/KG');
INSERT INTO `manifest_data` VALUES ('607', '22', '26', 'JKT-A08', 'PC14392301', 'HENGFENG SHOES MATERIALS CO.LTD 1', 'MR. WONG 1', '1', 'BUCKLES WITH BOCO', '1000', '7.6', '0.65', null, '3879', '900/425/KG');
INSERT INTO `manifest_data` VALUES ('608', '22', '26', 'JKT-A08', 'PC14392302', 'HENGFENG SHOES MATERIALS CO.LTD 2', 'MR. WONG 2', '1', 'BUCKLES WITH BOCO', '1000', '7.6', '0.65', null, '3879', '900/425/KG');
INSERT INTO `manifest_data` VALUES ('609', '22', '26', 'JKT-A08', 'PC14392303', 'HENGFENG SHOES MATERIALS CO.LTD 3', 'MR. WONG 3', '1', 'BUCKLES WITH BOCO', '1000', '7.6', '0.65', null, '3879', '900/425/KG');
INSERT INTO `manifest_data` VALUES ('610', '22', '26', 'JKT-A08', 'PC14392304', 'HENGFENG SHOES MATERIALS CO.LTD 4', 'MR. WONG 4', '1', 'BUCKLES WITH BOCO', '1000', '7.6', '0.65', null, '3879', '900/425/KG');
INSERT INTO `manifest_data` VALUES ('611', '22', '26', 'JKT-A08', 'PC14392305', 'HENGFENG SHOES MATERIALS CO.LTD 5', 'MR. WONG 5', '1', 'BUCKLES WITH BOCO', '1000', '7.6', '0.65', null, '3879', '900/425/KG');
INSERT INTO `manifest_data` VALUES ('612', '22', '26', 'JKT-A08', 'PC14392306', 'HENGFENG SHOES MATERIALS CO.LTD 6', 'MR. WONG 6', '1', 'BUCKLES WITH BOCO', '1000', '7.6', '0.65', null, '3879', '900/425/KG');
INSERT INTO `manifest_data` VALUES ('613', '22', '26', 'JKT-A08', 'PC14392301', 'HENGFENG SHOES MATERIALS CO.LTD 1', 'MR. WONG 1', '1', 'BUCKLES WITH BOCO', '1000', '7.6', '0.65', null, '3879', '900/425/KG');
INSERT INTO `manifest_data` VALUES ('614', '22', '26', 'JKT-A08', 'PC14392302', 'HENGFENG SHOES MATERIALS CO.LTD 2', 'MR. WONG 2', '1', 'BUCKLES WITH BOCO', '1000', '7.6', '0.65', null, '3879', '900/425/KG');
INSERT INTO `manifest_data` VALUES ('615', '22', '26', 'JKT-A08', 'PC14392303', 'HENGFENG SHOES MATERIALS CO.LTD 3', 'MR. WONG 3', '1', 'BUCKLES WITH BOCO', '1000', '7.6', '0.65', null, '3879', '900/425/KG');
INSERT INTO `manifest_data` VALUES ('616', '22', '26', 'JKT-A08', 'PC14392304', 'HENGFENG SHOES MATERIALS CO.LTD 4', 'MR. WONG 4', '1', 'BUCKLES WITH BOCO', '1000', '7.6', '0.65', null, '3879', '900/425/KG');
INSERT INTO `manifest_data` VALUES ('617', '22', '26', 'JKT-A08', 'PC14392305', 'HENGFENG SHOES MATERIALS CO.LTD 5', 'MR. WONG 5', '1', 'BUCKLES WITH BOCO', '1000', '7.6', '0.65', null, '3879', '900/425/KG');
INSERT INTO `manifest_data` VALUES ('618', '22', '26', 'JKT-A08', 'PC14392306', 'HENGFENG SHOES MATERIALS CO.LTD 6', 'MR. WONG 6', '1', 'BUCKLES WITH BOCO', '1000', '7.6', '0.65', null, '3879', '900/425/KG');
INSERT INTO `manifest_data` VALUES ('619', '22', '26', 'JKT-A08', 'PC14392301', 'HENGFENG SHOES MATERIALS CO.LTD 1', 'MR. WONG 1', '1', 'BUCKLES WITH BOCO', '1000', '7.6', '0.65', null, '3879', '900/425/KG');
INSERT INTO `manifest_data` VALUES ('620', '22', '26', 'JKT-A08', 'PC14392302', 'HENGFENG SHOES MATERIALS CO.LTD 2', 'MR. WONG 2', '1', 'BUCKLES WITH BOCO', '1000', '7.6', '0.65', null, '3879', '900/425/KG');
INSERT INTO `manifest_data` VALUES ('621', '22', '26', 'JKT-A08', 'PC14392303', 'HENGFENG SHOES MATERIALS CO.LTD 3', 'MR. WONG 3', '1', 'BUCKLES WITH BOCO', '1000', '7.6', '0.65', null, '3879', '900/425/KG');
INSERT INTO `manifest_data` VALUES ('622', '22', '26', 'JKT-A08', 'PC14392304', 'HENGFENG SHOES MATERIALS CO.LTD 4', 'MR. WONG 4', '1', 'BUCKLES WITH BOCO', '1000', '7.6', '0.65', null, '3879', '900/425/KG');
INSERT INTO `manifest_data` VALUES ('623', '22', '26', 'JKT-A08', 'PC14392305', 'HENGFENG SHOES MATERIALS CO.LTD 5', 'MR. WONG 5', '1', 'BUCKLES WITH BOCO', '1000', '7.6', '0.65', null, '3879', '900/425/KG');
INSERT INTO `manifest_data` VALUES ('624', '22', '26', 'JKT-A08', 'PC14392306', 'HENGFENG SHOES MATERIALS CO.LTD 6', 'MR. WONG 6', '1', 'BUCKLES WITH BOCO', '1000', '7.6', '0.65', null, '3879', '900/425/KG');
INSERT INTO `manifest_data` VALUES ('625', '22', '26', 'JKT-A08', 'PC14392301', 'HENGFENG SHOES MATERIALS CO.LTD 1', 'MR. WONG 1', '1', 'BUCKLES WITH BOCO', '1000', '7.6', '0.65', null, '3879', '900/425/KG');
INSERT INTO `manifest_data` VALUES ('626', '22', '26', 'JKT-A08', 'PC14392302', 'HENGFENG SHOES MATERIALS CO.LTD 2', 'MR. WONG 2', '1', 'BUCKLES WITH BOCO', '1000', '7.6', '0.65', null, '3879', '900/425/KG');
INSERT INTO `manifest_data` VALUES ('627', '22', '26', 'JKT-A08', 'PC14392303', 'HENGFENG SHOES MATERIALS CO.LTD 3', 'MR. WONG 3', '1', 'BUCKLES WITH BOCO', '1000', '7.6', '0.65', null, '3879', '900/425/KG');
INSERT INTO `manifest_data` VALUES ('628', '22', '26', 'JKT-A08', 'PC14392304', 'HENGFENG SHOES MATERIALS CO.LTD 4', 'MR. WONG 4', '1', 'BUCKLES WITH BOCO', '1000', '7.6', '0.65', null, '3879', '900/425/KG');
INSERT INTO `manifest_data` VALUES ('629', '22', '26', 'JKT-A08', 'PC14392305', 'HENGFENG SHOES MATERIALS CO.LTD 5', 'MR. WONG 5', '1', 'BUCKLES WITH BOCO', '1000', '7.6', '0.65', null, '3879', '900/425/KG');
INSERT INTO `manifest_data` VALUES ('630', '22', '26', 'JKT-A08', 'PC14392306', 'HENGFENG SHOES MATERIALS CO.LTD 6', 'MR. WONG 6', '1', 'BUCKLES WITH BOCO', '1000', '7.6', '0.65', null, '3879', '900/425/KG');
INSERT INTO `manifest_data` VALUES ('631', '22', '26', 'JKT-A08', 'PC14392301', 'HENGFENG SHOES MATERIALS CO.LTD 1', 'MR. WONG 1', '1', 'BUCKLES WITH BOCO', '1000', '7.6', '0.65', null, '3879', '900/425/KG');
INSERT INTO `manifest_data` VALUES ('632', '22', '26', 'JKT-A08', 'PC14392302', 'HENGFENG SHOES MATERIALS CO.LTD 2', 'MR. WONG 2', '1', 'BUCKLES WITH BOCO', '1000', '7.6', '0.65', null, '3879', '900/425/KG');
INSERT INTO `manifest_data` VALUES ('633', '22', '26', 'JKT-A08', 'PC14392303', 'HENGFENG SHOES MATERIALS CO.LTD 3', 'MR. WONG 3', '1', 'BUCKLES WITH BOCO', '1000', '7.6', '0.65', null, '3879', '900/425/KG');
INSERT INTO `manifest_data` VALUES ('634', '22', '26', 'JKT-A08', 'PC14392304', 'HENGFENG SHOES MATERIALS CO.LTD 4', 'MR. WONG 4', '1', 'BUCKLES WITH BOCO', '1000', '7.6', '0.65', null, '3879', '900/425/KG');
INSERT INTO `manifest_data` VALUES ('635', '22', '26', 'JKT-A08', 'PC14392305', 'HENGFENG SHOES MATERIALS CO.LTD 5', 'MR. WONG 5', '1', 'BUCKLES WITH BOCO', '1000', '7.6', '0.65', null, '3879', '900/425/KG');
INSERT INTO `manifest_data` VALUES ('636', '22', '26', 'JKT-A08', 'PC14392306', 'HENGFENG SHOES MATERIALS CO.LTD 6', 'MR. WONG 6', '1', 'BUCKLES WITH BOCO', '1000', '7.6', '0.65', null, '3879', '900/425/KG');
INSERT INTO `manifest_data` VALUES ('637', '22', '26', 'JKT-A08', 'PC14392301', 'HENGFENG SHOES MATERIALS CO.LTD 1', 'MR. WONG 1', '1', 'BUCKLES WITH BOCO', '1000', '7.6', '0.65', null, '3879', '900/425/KG');
INSERT INTO `manifest_data` VALUES ('638', '22', '26', 'JKT-A08', 'PC14392302', 'HENGFENG SHOES MATERIALS CO.LTD 2', 'MR. WONG 2', '1', 'BUCKLES WITH BOCO', '1000', '7.6', '0.65', null, '3879', '900/425/KG');
INSERT INTO `manifest_data` VALUES ('639', '22', '26', 'JKT-A08', 'PC14392303', 'HENGFENG SHOES MATERIALS CO.LTD 3', 'MR. WONG 3', '1', 'BUCKLES WITH BOCO', '1000', '7.6', '0.65', null, '3879', '900/425/KG');
INSERT INTO `manifest_data` VALUES ('640', '22', '26', 'JKT-A08', 'PC14392304', 'HENGFENG SHOES MATERIALS CO.LTD 4', 'MR. WONG 4', '1', 'BUCKLES WITH BOCO', '1000', '7.6', '0.65', null, '3879', '900/425/KG');
INSERT INTO `manifest_data` VALUES ('641', '22', '26', 'JKT-A08', 'PC14392305', 'HENGFENG SHOES MATERIALS CO.LTD 5', 'MR. WONG 5', '1', 'BUCKLES WITH BOCO', '1000', '7.6', '0.65', null, '3879', '900/425/KG');
INSERT INTO `manifest_data` VALUES ('642', '22', '26', 'JKT-A08', 'PC14392306', 'HENGFENG SHOES MATERIALS CO.LTD 6', 'MR. WONG 6', '1', 'BUCKLES WITH BOCO', '1000', '7.6', '0.65', null, '3879', '900/425/KG');
INSERT INTO `manifest_data` VALUES ('643', '22', '26', 'JKT-A08', 'PC14392301', 'HENGFENG SHOES MATERIALS CO.LTD 1', 'MR. WONG 1', '1', 'BUCKLES WITH BOCO', '1000', '7.6', '0.65', null, '3879', '900/425/KG');
INSERT INTO `manifest_data` VALUES ('644', '22', '26', 'JKT-A08', 'PC14392302', 'HENGFENG SHOES MATERIALS CO.LTD 2', 'MR. WONG 2', '1', 'BUCKLES WITH BOCO', '1000', '7.6', '0.65', null, '3879', '900/425/KG');
INSERT INTO `manifest_data` VALUES ('645', '22', '26', 'JKT-A08', 'PC14392303', 'HENGFENG SHOES MATERIALS CO.LTD 3', 'MR. WONG 3', '1', 'BUCKLES WITH BOCO', '1000', '7.6', '0.65', null, '3879', '900/425/KG');
INSERT INTO `manifest_data` VALUES ('646', '22', '26', 'JKT-A08', 'PC14392304', 'HENGFENG SHOES MATERIALS CO.LTD 4', 'MR. WONG 4', '1', 'BUCKLES WITH BOCO', '1000', '7.6', '0.65', null, '3879', '900/425/KG');
INSERT INTO `manifest_data` VALUES ('647', '22', '26', 'JKT-A08', 'PC14392305', 'HENGFENG SHOES MATERIALS CO.LTD 5', 'MR. WONG 5', '1', 'BUCKLES WITH BOCO', '1000', '7.6', '0.65', null, '3879', '900/425/KG');
INSERT INTO `manifest_data` VALUES ('648', '22', '26', 'JKT-A08', 'PC14392306', 'HENGFENG SHOES MATERIALS CO.LTD 6', 'MR. WONG 6', '1', 'BUCKLES WITH BOCO', '1000', '7.6', '0.65', null, '3879', '900/425/KG');
INSERT INTO `manifest_data` VALUES ('649', '22', '26', 'JKT-A08', 'PC14392301', 'HENGFENG SHOES MATERIALS CO.LTD 1', 'MR. WONG 1', '1', 'BUCKLES WITH BOCO', '1000', '7.6', '0.65', null, '3879', '900/425/KG');
INSERT INTO `manifest_data` VALUES ('650', '22', '26', 'JKT-A08', 'PC14392302', 'HENGFENG SHOES MATERIALS CO.LTD 2', 'MR. WONG 2', '1', 'BUCKLES WITH BOCO', '1000', '7.6', '0.65', null, '3879', '900/425/KG');
INSERT INTO `manifest_data` VALUES ('651', '22', '26', 'JKT-A08', 'PC14392303', 'HENGFENG SHOES MATERIALS CO.LTD 3', 'MR. WONG 3', '1', 'BUCKLES WITH BOCO', '1000', '7.6', '0.65', null, '3879', '900/425/KG');
INSERT INTO `manifest_data` VALUES ('652', '22', '26', 'JKT-A08', 'PC14392304', 'HENGFENG SHOES MATERIALS CO.LTD 4', 'MR. WONG 4', '1', 'BUCKLES WITH BOCO', '1000', '7.6', '0.65', null, '3879', '900/425/KG');
INSERT INTO `manifest_data` VALUES ('653', '22', '26', 'JKT-A08', 'PC14392305', 'HENGFENG SHOES MATERIALS CO.LTD 5', 'MR. WONG 5', '1', 'BUCKLES WITH BOCO', '1000', '7.6', '0.65', null, '3879', '900/425/KG');
INSERT INTO `manifest_data` VALUES ('654', '22', '26', 'JKT-A08', 'PC14392306', 'HENGFENG SHOES MATERIALS CO.LTD 6', 'MR. WONG 6', '1', 'BUCKLES WITH BOCO', '1000', '7.6', '0.65', null, '3879', '900/425/KG');
INSERT INTO `manifest_data` VALUES ('655', '22', '26', 'JKT-A08', 'PC14392301', 'HENGFENG SHOES MATERIALS CO.LTD 1', 'MR. WONG 1', '1', 'BUCKLES WITH BOCO', '1000', '7.6', '0.65', null, '3879', '900/425/KG');
INSERT INTO `manifest_data` VALUES ('656', '22', '26', 'JKT-A08', 'PC14392302', 'HENGFENG SHOES MATERIALS CO.LTD 2', 'MR. WONG 2', '1', 'BUCKLES WITH BOCO', '1000', '7.6', '0.65', null, '3879', '900/425/KG');
INSERT INTO `manifest_data` VALUES ('657', '22', '26', 'JKT-A08', 'PC14392303', 'HENGFENG SHOES MATERIALS CO.LTD 3', 'MR. WONG 3', '1', 'BUCKLES WITH BOCO', '1000', '7.6', '0.65', null, '3879', '900/425/KG');
INSERT INTO `manifest_data` VALUES ('658', '22', '26', 'JKT-A08', 'PC14392304', 'HENGFENG SHOES MATERIALS CO.LTD 4', 'MR. WONG 4', '1', 'BUCKLES WITH BOCO', '1000', '7.6', '0.65', null, '3879', '900/425/KG');
INSERT INTO `manifest_data` VALUES ('659', '22', '26', 'JKT-A08', 'PC14392305', 'HENGFENG SHOES MATERIALS CO.LTD 5', 'MR. WONG 5', '1', 'BUCKLES WITH BOCO', '1000', '7.6', '0.65', null, '3879', '900/425/KG');
INSERT INTO `manifest_data` VALUES ('660', '22', '26', 'JKT-A08', 'PC14392306', 'HENGFENG SHOES MATERIALS CO.LTD 6', 'MR. WONG 6', '1', 'BUCKLES WITH BOCO', '1000', '7.6', '0.65', null, '3879', '900/425/KG');
INSERT INTO `manifest_data` VALUES ('661', '22', '26', 'JKT-A08', 'PC14392301', 'HENGFENG SHOES MATERIALS CO.LTD 1', 'MR. WONG 1', '1', 'BUCKLES WITH BOCO', '1000', '7.6', '0.65', null, '3879', '900/425/KG');
INSERT INTO `manifest_data` VALUES ('662', '22', '26', 'JKT-A08', 'PC14392302', 'HENGFENG SHOES MATERIALS CO.LTD 2', 'MR. WONG 2', '1', 'BUCKLES WITH BOCO', '1000', '7.6', '0.65', null, '3879', '900/425/KG');
INSERT INTO `manifest_data` VALUES ('663', '22', '26', 'JKT-A08', 'PC14392303', 'HENGFENG SHOES MATERIALS CO.LTD 3', 'MR. WONG 3', '1', 'BUCKLES WITH BOCO', '1000', '7.6', '0.65', null, '3879', '900/425/KG');
INSERT INTO `manifest_data` VALUES ('664', '22', '26', 'JKT-A08', 'PC14392304', 'HENGFENG SHOES MATERIALS CO.LTD 4', 'MR. WONG 4', '1', 'BUCKLES WITH BOCO', '1000', '7.6', '0.65', null, '3879', '900/425/KG');
INSERT INTO `manifest_data` VALUES ('665', '22', '26', 'JKT-A08', 'PC14392305', 'HENGFENG SHOES MATERIALS CO.LTD 5', 'MR. WONG 5', '1', 'BUCKLES WITH BOCO', '1000', '7.6', '0.65', null, '3879', '900/425/KG');
INSERT INTO `manifest_data` VALUES ('666', '22', '26', 'JKT-A08', 'PC14392306', 'HENGFENG SHOES MATERIALS CO.LTD 6', 'MR. WONG 6', '1', 'BUCKLES WITH BOCO', '1000', '7.6', '0.65', null, '3879', '900/425/KG');
INSERT INTO `manifest_data` VALUES ('667', '22', '26', 'JKT-A08', 'PC14392301', 'HENGFENG SHOES MATERIALS CO.LTD 1', 'MR. WONG 1', '1', 'BUCKLES WITH BOCO', '1000', '7.6', '0.65', null, '3879', '900/425/KG');
INSERT INTO `manifest_data` VALUES ('668', '22', '26', 'JKT-A08', 'PC14392302', 'HENGFENG SHOES MATERIALS CO.LTD 2', 'MR. WONG 2', '1', 'BUCKLES WITH BOCO', '1000', '7.6', '0.65', null, '3879', '900/425/KG');
INSERT INTO `manifest_data` VALUES ('669', '22', '26', 'JKT-A08', 'PC14392303', 'HENGFENG SHOES MATERIALS CO.LTD 3', 'MR. WONG 3', '1', 'BUCKLES WITH BOCO', '1000', '7.6', '0.65', null, '3879', '900/425/KG');
INSERT INTO `manifest_data` VALUES ('670', '22', '26', 'JKT-A08', 'PC14392304', 'HENGFENG SHOES MATERIALS CO.LTD 4', 'MR. WONG 4', '1', 'BUCKLES WITH BOCO', '1000', '7.6', '0.65', null, '3879', '900/425/KG');
INSERT INTO `manifest_data` VALUES ('671', '22', '26', 'JKT-A08', 'PC14392305', 'HENGFENG SHOES MATERIALS CO.LTD 5', 'MR. WONG 5', '1', 'BUCKLES WITH BOCO', '1000', '7.6', '0.65', null, '3879', '900/425/KG');
INSERT INTO `manifest_data` VALUES ('672', '22', '26', 'JKT-A08', 'PC14392306', 'HENGFENG SHOES MATERIALS CO.LTD 6', 'MR. WONG 6', '1', 'BUCKLES WITH BOCO', '1000', '7.6', '0.65', null, '3879', '900/425/KG');
INSERT INTO `manifest_data` VALUES ('673', '22', '26', 'JKT-A08', 'PC14392301', 'HENGFENG SHOES MATERIALS CO.LTD 1', 'MR. WONG 1', '1', 'BUCKLES WITH BOCO', '1000', '7.6', '0.65', null, '3879', '900/425/KG');
INSERT INTO `manifest_data` VALUES ('674', '22', '26', 'JKT-A08', 'PC14392302', 'HENGFENG SHOES MATERIALS CO.LTD 2', 'MR. WONG 2', '1', 'BUCKLES WITH BOCO', '1000', '7.6', '0.65', null, '3879', '900/425/KG');
INSERT INTO `manifest_data` VALUES ('675', '22', '26', 'JKT-A08', 'PC14392303', 'HENGFENG SHOES MATERIALS CO.LTD 3', 'MR. WONG 3', '1', 'BUCKLES WITH BOCO', '1000', '7.6', '0.65', null, '3879', '900/425/KG');
INSERT INTO `manifest_data` VALUES ('676', '22', '26', 'JKT-A08', 'PC14392304', 'HENGFENG SHOES MATERIALS CO.LTD 4', 'MR. WONG 4', '1', 'BUCKLES WITH BOCO', '1000', '7.6', '0.65', null, '3879', '900/425/KG');
INSERT INTO `manifest_data` VALUES ('677', '22', '26', 'JKT-A08', 'PC14392305', 'HENGFENG SHOES MATERIALS CO.LTD 5', 'MR. WONG 5', '1', 'BUCKLES WITH BOCO', '1000', '7.6', '0.65', null, '3879', '900/425/KG');
INSERT INTO `manifest_data` VALUES ('678', '22', '26', 'JKT-A08', 'PC14392306', 'HENGFENG SHOES MATERIALS CO.LTD 6', 'MR. WONG 6', '1', 'BUCKLES WITH BOCO', '1000', '7.6', '0.65', null, '3879', '900/425/KG');
INSERT INTO `manifest_data` VALUES ('679', '22', '26', 'JKT-A08', 'PC14392301', 'HENGFENG SHOES MATERIALS CO.LTD 1', 'MR. WONG 1', '1', 'BUCKLES WITH BOCO', '1000', '7.6', '0.65', null, '3879', '900/425/KG');
INSERT INTO `manifest_data` VALUES ('680', '22', '26', 'JKT-A08', 'PC14392302', 'HENGFENG SHOES MATERIALS CO.LTD 2', 'MR. WONG 2', '1', 'BUCKLES WITH BOCO', '1000', '7.6', '0.65', null, '3879', '900/425/KG');
INSERT INTO `manifest_data` VALUES ('681', '22', '26', 'JKT-A08', 'PC14392303', 'HENGFENG SHOES MATERIALS CO.LTD 3', 'MR. WONG 3', '1', 'BUCKLES WITH BOCO', '1000', '7.6', '0.65', null, '3879', '900/425/KG');
INSERT INTO `manifest_data` VALUES ('682', '22', '26', 'JKT-A08', 'PC14392304', 'HENGFENG SHOES MATERIALS CO.LTD 4', 'MR. WONG 4', '1', 'BUCKLES WITH BOCO', '1000', '7.6', '0.65', null, '3879', '900/425/KG');
INSERT INTO `manifest_data` VALUES ('683', '22', '26', 'JKT-A08', 'PC14392305', 'HENGFENG SHOES MATERIALS CO.LTD 5', 'MR. WONG 5', '1', 'BUCKLES WITH BOCO', '1000', '7.6', '0.65', null, '3879', '900/425/KG');
INSERT INTO `manifest_data` VALUES ('684', '22', '26', 'JKT-A08', 'PC14392306', 'HENGFENG SHOES MATERIALS CO.LTD 6', 'MR. WONG 6', '1', 'BUCKLES WITH BOCO', '1000', '7.6', '0.65', null, '3879', '900/425/KG');
INSERT INTO `manifest_data` VALUES ('685', '22', '26', 'JKT-A08', 'PC14392301', 'HENGFENG SHOES MATERIALS CO.LTD 1', 'MR. WONG 1', '1', 'BUCKLES WITH BOCO', '1000', '7.6', '0.65', null, '3879', '900/425/KG');
INSERT INTO `manifest_data` VALUES ('686', '22', '26', 'JKT-A08', 'PC14392302', 'HENGFENG SHOES MATERIALS CO.LTD 2', 'MR. WONG 2', '1', 'BUCKLES WITH BOCO', '1000', '7.6', '0.65', null, '3879', '900/425/KG');
INSERT INTO `manifest_data` VALUES ('687', '22', '26', 'JKT-A08', 'PC14392303', 'HENGFENG SHOES MATERIALS CO.LTD 3', 'MR. WONG 3', '1', 'BUCKLES WITH BOCO', '1000', '7.6', '0.65', null, '3879', '900/425/KG');
INSERT INTO `manifest_data` VALUES ('688', '22', '26', 'JKT-A08', 'PC14392304', 'HENGFENG SHOES MATERIALS CO.LTD 4', 'MR. WONG 4', '1', 'BUCKLES WITH BOCO', '1000', '7.6', '0.65', null, '3879', '900/425/KG');
INSERT INTO `manifest_data` VALUES ('689', '22', '26', 'JKT-A08', 'PC14392305', 'HENGFENG SHOES MATERIALS CO.LTD 5', 'MR. WONG 5', '1', 'BUCKLES WITH BOCO', '1000', '7.6', '0.65', null, '3879', '900/425/KG');
INSERT INTO `manifest_data` VALUES ('690', '22', '26', 'JKT-A08', 'PC14392306', 'HENGFENG SHOES MATERIALS CO.LTD 6', 'MR. WONG 6', '1', 'BUCKLES WITH BOCO', '1000', '7.6', '0.65', null, '3879', '900/425/KG');
INSERT INTO `manifest_data` VALUES ('691', '22', '26', 'JKT-A08', 'PC14392301', 'HENGFENG SHOES MATERIALS CO.LTD 1', 'MR. WONG 1', '1', 'BUCKLES WITH BOCO', '1000', '7.6', '0.65', null, '3879', '900/425/KG');
INSERT INTO `manifest_data` VALUES ('692', '22', '26', 'JKT-A08', 'PC14392302', 'HENGFENG SHOES MATERIALS CO.LTD 2', 'MR. WONG 2', '1', 'BUCKLES WITH BOCO', '1000', '7.6', '0.65', null, '3879', '900/425/KG');
INSERT INTO `manifest_data` VALUES ('693', '22', '26', 'JKT-A08', 'PC14392303', 'HENGFENG SHOES MATERIALS CO.LTD 3', 'MR. WONG 3', '1', 'BUCKLES WITH BOCO', '1000', '7.6', '0.65', null, '3879', '900/425/KG');
INSERT INTO `manifest_data` VALUES ('694', '22', '26', 'JKT-A08', 'PC14392304', 'HENGFENG SHOES MATERIALS CO.LTD 4', 'MR. WONG 4', '1', 'BUCKLES WITH BOCO', '1000', '7.6', '0.65', null, '3879', '900/425/KG');
INSERT INTO `manifest_data` VALUES ('695', '22', '26', 'JKT-A08', 'PC14392305', 'HENGFENG SHOES MATERIALS CO.LTD 5', 'MR. WONG 5', '1', 'BUCKLES WITH BOCO', '1000', '7.6', '0.65', null, '3879', '900/425/KG');
INSERT INTO `manifest_data` VALUES ('696', '22', '26', 'JKT-A08', 'PC14392306', 'HENGFENG SHOES MATERIALS CO.LTD 6', 'MR. WONG 6', '1', 'BUCKLES WITH BOCO', '1000', '7.6', '0.65', null, '3879', '900/425/KG');
INSERT INTO `manifest_data` VALUES ('697', '22', '26', 'JKT-A08', 'PC14392301', 'HENGFENG SHOES MATERIALS CO.LTD 1', 'MR. WONG 1', '1', 'BUCKLES WITH BOCO', '1000', '7.6', '0.65', null, '3879', '900/425/KG');
INSERT INTO `manifest_data` VALUES ('698', '22', '26', 'JKT-A08', 'PC14392302', 'HENGFENG SHOES MATERIALS CO.LTD 2', 'MR. WONG 2', '1', 'BUCKLES WITH BOCO', '1000', '7.6', '0.65', null, '3879', '900/425/KG');
INSERT INTO `manifest_data` VALUES ('699', '22', '26', 'JKT-A08', 'PC14392303', 'HENGFENG SHOES MATERIALS CO.LTD 3', 'MR. WONG 3', '1', 'BUCKLES WITH BOCO', '1000', '7.6', '0.65', null, '3879', '900/425/KG');
INSERT INTO `manifest_data` VALUES ('700', '22', '26', 'JKT-A08', 'PC14392304', 'HENGFENG SHOES MATERIALS CO.LTD 4', 'MR. WONG 4', '1', 'BUCKLES WITH BOCO', '1000', '7.6', '0.65', null, '3879', '900/425/KG');
INSERT INTO `manifest_data` VALUES ('701', '22', '26', 'JKT-A08', 'PC14392305', 'HENGFENG SHOES MATERIALS CO.LTD 5', 'MR. WONG 5', '1', 'BUCKLES WITH BOCO', '1000', '7.6', '0.65', null, '3879', '900/425/KG');
INSERT INTO `manifest_data` VALUES ('702', '22', '26', 'JKT-A08', 'PC14392306', 'HENGFENG SHOES MATERIALS CO.LTD 6', 'MR. WONG 6', '1', 'BUCKLES WITH BOCO', '1000', '7.6', '0.65', null, '3879', '900/425/KG');
INSERT INTO `manifest_data` VALUES ('703', '22', '26', 'JKT-A08', 'PC14392301', 'HENGFENG SHOES MATERIALS CO.LTD 1', 'MR. WONG 1', '1', 'BUCKLES WITH BOCO', '1000', '7.6', '0.65', null, '3879', '900/425/KG');
INSERT INTO `manifest_data` VALUES ('704', '22', '26', 'JKT-A08', 'PC14392302', 'HENGFENG SHOES MATERIALS CO.LTD 2', 'MR. WONG 2', '1', 'BUCKLES WITH BOCO', '1000', '7.6', '0.65', null, '3879', '900/425/KG');
INSERT INTO `manifest_data` VALUES ('705', '22', '26', 'JKT-A08', 'PC14392303', 'HENGFENG SHOES MATERIALS CO.LTD 3', 'MR. WONG 3', '1', 'BUCKLES WITH BOCO', '1000', '7.6', '0.65', null, '3879', '900/425/KG');
INSERT INTO `manifest_data` VALUES ('706', '22', '26', 'JKT-A08', 'PC14392304', 'HENGFENG SHOES MATERIALS CO.LTD 4', 'MR. WONG 4', '1', 'BUCKLES WITH BOCO', '1000', '7.6', '0.65', null, '3879', '900/425/KG');
INSERT INTO `manifest_data` VALUES ('707', '22', '26', 'JKT-A08', 'PC14392305', 'HENGFENG SHOES MATERIALS CO.LTD 5', 'MR. WONG 5', '1', 'BUCKLES WITH BOCO', '1000', '7.6', '0.65', null, '3879', '900/425/KG');
INSERT INTO `manifest_data` VALUES ('708', '22', '26', 'JKT-A08', 'PC14392306', 'HENGFENG SHOES MATERIALS CO.LTD 6', 'MR. WONG 6', '1', 'BUCKLES WITH BOCO', '1000', '7.6', '0.65', null, '3879', '900/425/KG');
INSERT INTO `manifest_data` VALUES ('709', '22', '26', 'JKT-A08', 'PC14392301', 'HENGFENG SHOES MATERIALS CO.LTD 1', 'MR. WONG 1', '1', 'BUCKLES WITH BOCO', '1000', '7.6', '0.65', null, '3879', '900/425/KG');
INSERT INTO `manifest_data` VALUES ('710', '22', '26', 'JKT-A08', 'PC14392302', 'HENGFENG SHOES MATERIALS CO.LTD 2', 'MR. WONG 2', '1', 'BUCKLES WITH BOCO', '1000', '7.6', '0.65', null, '3879', '900/425/KG');
INSERT INTO `manifest_data` VALUES ('711', '22', '26', 'JKT-A08', 'PC14392303', 'HENGFENG SHOES MATERIALS CO.LTD 3', 'MR. WONG 3', '1', 'BUCKLES WITH BOCO', '1000', '7.6', '0.65', null, '3879', '900/425/KG');
INSERT INTO `manifest_data` VALUES ('712', '22', '26', 'JKT-A08', 'PC14392304', 'HENGFENG SHOES MATERIALS CO.LTD 4', 'MR. WONG 4', '1', 'BUCKLES WITH BOCO', '1000', '7.6', '0.65', null, '3879', '900/425/KG');
INSERT INTO `manifest_data` VALUES ('713', '22', '26', 'JKT-A08', 'PC14392305', 'HENGFENG SHOES MATERIALS CO.LTD 5', 'MR. WONG 5', '1', 'BUCKLES WITH BOCO', '1000', '7.6', '0.65', null, '3879', '900/425/KG');
INSERT INTO `manifest_data` VALUES ('714', '22', '26', 'JKT-A08', 'PC14392306', 'HENGFENG SHOES MATERIALS CO.LTD 6', 'MR. WONG 6', '1', 'BUCKLES WITH BOCO', '1000', '7.6', '0.65', null, '3879', '900/425/KG');
INSERT INTO `manifest_data` VALUES ('715', '22', '26', 'JKT-A08', 'PC14392301', 'HENGFENG SHOES MATERIALS CO.LTD 1', 'MR. WONG 1', '1', 'BUCKLES WITH BOCO', '1000', '7.6', '0.65', null, '3879', '900/425/KG');
INSERT INTO `manifest_data` VALUES ('716', '22', '26', 'JKT-A08', 'PC14392302', 'HENGFENG SHOES MATERIALS CO.LTD 2', 'MR. WONG 2', '1', 'BUCKLES WITH BOCO', '1000', '7.6', '0.65', null, '3879', '900/425/KG');
INSERT INTO `manifest_data` VALUES ('717', '22', '26', 'JKT-A08', 'PC14392303', 'HENGFENG SHOES MATERIALS CO.LTD 3', 'MR. WONG 3', '1', 'BUCKLES WITH BOCO', '1000', '7.6', '0.65', null, '3879', '900/425/KG');
INSERT INTO `manifest_data` VALUES ('718', '22', '26', 'JKT-A08', 'PC14392304', 'HENGFENG SHOES MATERIALS CO.LTD 4', 'MR. WONG 4', '1', 'BUCKLES WITH BOCO', '1000', '7.6', '0.65', null, '3879', '900/425/KG');
INSERT INTO `manifest_data` VALUES ('719', '22', '26', 'JKT-A08', 'PC14392305', 'HENGFENG SHOES MATERIALS CO.LTD 5', 'MR. WONG 5', '1', 'BUCKLES WITH BOCO', '1000', '7.6', '0.65', null, '3879', '900/425/KG');
INSERT INTO `manifest_data` VALUES ('720', '22', '26', 'JKT-A08', 'PC14392306', 'HENGFENG SHOES MATERIALS CO.LTD 6', 'MR. WONG 6', '1', 'BUCKLES WITH BOCO', '1000', '7.6', '0.65', null, '3879', '900/425/KG');
INSERT INTO `manifest_data` VALUES ('721', '22', '26', 'JKT-A08', 'PC14392301', 'HENGFENG SHOES MATERIALS CO.LTD 1', 'MR. WONG 1', '1', 'BUCKLES WITH BOCO', '1000', '7.6', '0.65', null, '3879', '900/425/KG');
INSERT INTO `manifest_data` VALUES ('722', '22', '26', 'JKT-A08', 'PC14392302', 'HENGFENG SHOES MATERIALS CO.LTD 2', 'MR. WONG 2', '1', 'BUCKLES WITH BOCO', '1000', '7.6', '0.65', null, '3879', '900/425/KG');
INSERT INTO `manifest_data` VALUES ('723', '22', '26', 'JKT-A08', 'PC14392303', 'HENGFENG SHOES MATERIALS CO.LTD 3', 'MR. WONG 3', '1', 'BUCKLES WITH BOCO', '1000', '7.6', '0.65', null, '3879', '900/425/KG');
INSERT INTO `manifest_data` VALUES ('724', '22', '26', 'JKT-A08', 'PC14392304', 'HENGFENG SHOES MATERIALS CO.LTD 4', 'MR. WONG 4', '1', 'BUCKLES WITH BOCO', '1000', '7.6', '0.65', null, '3879', '900/425/KG');
INSERT INTO `manifest_data` VALUES ('725', '22', '26', 'JKT-A08', 'PC14392305', 'HENGFENG SHOES MATERIALS CO.LTD 5', 'MR. WONG 5', '1', 'BUCKLES WITH BOCO', '1000', '7.6', '0.65', null, '3879', '900/425/KG');
INSERT INTO `manifest_data` VALUES ('726', '22', '26', 'JKT-A08', 'PC14392306', 'HENGFENG SHOES MATERIALS CO.LTD 6', 'MR. WONG 6', '1', 'BUCKLES WITH BOCO', '1000', '7.6', '0.65', null, '3879', '900/425/KG');
INSERT INTO `manifest_data` VALUES ('727', '22', '26', 'JKT-A08', 'PC14392301', 'HENGFENG SHOES MATERIALS CO.LTD 1', 'MR. WONG 1', '1', 'BUCKLES WITH BOCO', '1000', '7.6', '0.65', null, '3879', '900/425/KG');
INSERT INTO `manifest_data` VALUES ('728', '22', '26', 'JKT-A08', 'PC14392302', 'HENGFENG SHOES MATERIALS CO.LTD 2', 'MR. WONG 2', '1', 'BUCKLES WITH BOCO', '1000', '7.6', '0.65', null, '3879', '900/425/KG');
INSERT INTO `manifest_data` VALUES ('729', '22', '26', 'JKT-A08', 'PC14392303', 'HENGFENG SHOES MATERIALS CO.LTD 3', 'MR. WONG 3', '1', 'BUCKLES WITH BOCO', '1000', '7.6', '0.65', null, '3879', '900/425/KG');
INSERT INTO `manifest_data` VALUES ('730', '22', '26', 'JKT-A08', 'PC14392304', 'HENGFENG SHOES MATERIALS CO.LTD 4', 'MR. WONG 4', '1', 'BUCKLES WITH BOCO', '1000', '7.6', '0.65', null, '3879', '900/425/KG');
INSERT INTO `manifest_data` VALUES ('731', '22', '26', 'JKT-A08', 'PC14392305', 'HENGFENG SHOES MATERIALS CO.LTD 5', 'MR. WONG 5', '1', 'BUCKLES WITH BOCO', '1000', '7.6', '0.65', null, '3879', '900/425/KG');
INSERT INTO `manifest_data` VALUES ('732', '22', '26', 'JKT-A08', 'PC14392306', 'HENGFENG SHOES MATERIALS CO.LTD 6', 'MR. WONG 6', '1', 'BUCKLES WITH BOCO', '1000', '7.6', '0.65', null, '3879', '900/425/KG');
INSERT INTO `manifest_data` VALUES ('733', '22', '26', 'JKT-A08', 'PC14392301', 'HENGFENG SHOES MATERIALS CO.LTD 1', 'MR. WONG 1', '1', 'BUCKLES WITH BOCO', '1000', '7.6', '0.65', null, '3879', '900/425/KG');
INSERT INTO `manifest_data` VALUES ('734', '22', '26', 'JKT-A08', 'PC14392302', 'HENGFENG SHOES MATERIALS CO.LTD 2', 'MR. WONG 2', '1', 'BUCKLES WITH BOCO', '1000', '7.6', '0.65', null, '3879', '900/425/KG');
INSERT INTO `manifest_data` VALUES ('735', '22', '26', 'JKT-A08', 'PC14392303', 'HENGFENG SHOES MATERIALS CO.LTD 3', 'MR. WONG 3', '1', 'BUCKLES WITH BOCO', '1000', '7.6', '0.65', null, '3879', '900/425/KG');
INSERT INTO `manifest_data` VALUES ('736', '22', '26', 'JKT-A08', 'PC14392304', 'HENGFENG SHOES MATERIALS CO.LTD 4', 'MR. WONG 4', '1', 'BUCKLES WITH BOCO', '1000', '7.6', '0.65', null, '3879', '900/425/KG');
INSERT INTO `manifest_data` VALUES ('737', '22', '26', 'JKT-A08', 'PC14392305', 'HENGFENG SHOES MATERIALS CO.LTD 5', 'MR. WONG 5', '1', 'BUCKLES WITH BOCO', '1000', '7.6', '0.65', null, '3879', '900/425/KG');
INSERT INTO `manifest_data` VALUES ('738', '22', '26', 'JKT-A08', 'PC14392306', 'HENGFENG SHOES MATERIALS CO.LTD 6', 'MR. WONG 6', '1', 'BUCKLES WITH BOCO', '1000', '7.6', '0.65', null, '3879', '900/425/KG');
INSERT INTO `manifest_data` VALUES ('739', '22', '26', 'JKT-A08', 'PC14392301', 'HENGFENG SHOES MATERIALS CO.LTD 1', 'MR. WONG 1', '1', 'BUCKLES WITH BOCO', '1000', '7.6', '0.65', null, '3879', '900/425/KG');
INSERT INTO `manifest_data` VALUES ('740', '22', '26', 'JKT-A08', 'PC14392302', 'HENGFENG SHOES MATERIALS CO.LTD 2', 'MR. WONG 2', '1', 'BUCKLES WITH BOCO', '1000', '7.6', '0.65', null, '3879', '900/425/KG');
INSERT INTO `manifest_data` VALUES ('741', '22', '26', 'JKT-A08', 'PC14392303', 'HENGFENG SHOES MATERIALS CO.LTD 3', 'MR. WONG 3', '1', 'BUCKLES WITH BOCO', '1000', '7.6', '0.65', null, '3879', '900/425/KG');
INSERT INTO `manifest_data` VALUES ('742', '22', '26', 'JKT-A08', 'PC14392304', 'HENGFENG SHOES MATERIALS CO.LTD 4', 'MR. WONG 4', '1', 'BUCKLES WITH BOCO', '1000', '7.6', '0.65', null, '3879', '900/425/KG');
INSERT INTO `manifest_data` VALUES ('743', '22', '26', 'JKT-A08', 'PC14392305', 'HENGFENG SHOES MATERIALS CO.LTD 5', 'MR. WONG 5', '1', 'BUCKLES WITH BOCO', '1000', '7.6', '0.65', null, '3879', '900/425/KG');
INSERT INTO `manifest_data` VALUES ('744', '22', '26', 'JKT-A08', 'PC14392306', 'HENGFENG SHOES MATERIALS CO.LTD 6', 'MR. WONG 6', '1', 'BUCKLES WITH BOCO', '1000', '7.6', '0.65', null, '3879', '900/425/KG');
INSERT INTO `manifest_data` VALUES ('745', '22', '26', 'JKT-A08', 'PC14392301', 'HENGFENG SHOES MATERIALS CO.LTD 1', 'MR. WONG 1', '1', 'BUCKLES WITH BOCO', '1000', '7.6', '0.65', null, '3879', '900/425/KG');
INSERT INTO `manifest_data` VALUES ('746', '22', '26', 'JKT-A08', 'PC14392302', 'HENGFENG SHOES MATERIALS CO.LTD 2', 'MR. WONG 2', '1', 'BUCKLES WITH BOCO', '1000', '7.6', '0.65', null, '3879', '900/425/KG');
INSERT INTO `manifest_data` VALUES ('747', '22', '26', 'JKT-A08', 'PC14392303', 'HENGFENG SHOES MATERIALS CO.LTD 3', 'MR. WONG 3', '1', 'BUCKLES WITH BOCO', '1000', '7.6', '0.65', null, '3879', '900/425/KG');
INSERT INTO `manifest_data` VALUES ('748', '22', '26', 'JKT-A08', 'PC14392304', 'HENGFENG SHOES MATERIALS CO.LTD 4', 'MR. WONG 4', '1', 'BUCKLES WITH BOCO', '1000', '7.6', '0.65', null, '3879', '900/425/KG');
INSERT INTO `manifest_data` VALUES ('749', '22', '26', 'JKT-A08', 'PC14392305', 'HENGFENG SHOES MATERIALS CO.LTD 5', 'MR. WONG 5', '1', 'BUCKLES WITH BOCO', '1000', '7.6', '0.65', null, '3879', '900/425/KG');
INSERT INTO `manifest_data` VALUES ('750', '22', '26', 'JKT-A08', 'PC14392306', 'HENGFENG SHOES MATERIALS CO.LTD 6', 'MR. WONG 6', '1', 'BUCKLES WITH BOCO', '1000', '7.6', '0.65', null, '3879', '900/425/KG');
INSERT INTO `manifest_data` VALUES ('751', '22', '26', 'JKT-A08', 'PC14392301', 'HENGFENG SHOES MATERIALS CO.LTD 1', 'MR. WONG 1', '1', 'BUCKLES WITH BOCO', '1000', '7.6', '0.65', null, '3879', '900/425/KG');
INSERT INTO `manifest_data` VALUES ('752', '22', '26', 'JKT-A08', 'PC14392302', 'HENGFENG SHOES MATERIALS CO.LTD 2', 'MR. WONG 2', '1', 'BUCKLES WITH BOCO', '1000', '7.6', '0.65', null, '3879', '900/425/KG');
INSERT INTO `manifest_data` VALUES ('753', '22', '26', 'JKT-A08', 'PC14392303', 'HENGFENG SHOES MATERIALS CO.LTD 3', 'MR. WONG 3', '1', 'BUCKLES WITH BOCO', '1000', '7.6', '0.65', null, '3879', '900/425/KG');
INSERT INTO `manifest_data` VALUES ('754', '22', '26', 'JKT-A08', 'PC14392304', 'HENGFENG SHOES MATERIALS CO.LTD 4', 'MR. WONG 4', '1', 'BUCKLES WITH BOCO', '1000', '7.6', '0.65', null, '3879', '900/425/KG');
INSERT INTO `manifest_data` VALUES ('755', '22', '26', 'JKT-A08', 'PC14392305', 'HENGFENG SHOES MATERIALS CO.LTD 5', 'MR. WONG 5', '1', 'BUCKLES WITH BOCO', '1000', '7.6', '0.65', null, '3879', '900/425/KG');
INSERT INTO `manifest_data` VALUES ('756', '22', '26', 'JKT-A08', 'PC14392306', 'HENGFENG SHOES MATERIALS CO.LTD 6', 'MR. WONG 6', '1', 'BUCKLES WITH BOCO', '1000', '7.6', '0.65', null, '3879', '900/425/KG');
INSERT INTO `manifest_data` VALUES ('757', '22', '26', 'JKT-A08', 'PC14392301', 'HENGFENG SHOES MATERIALS CO.LTD 1', 'MR. WONG 1', '1', 'BUCKLES WITH BOCO', '1000', '7.6', '0.65', null, '3879', '900/425/KG');
INSERT INTO `manifest_data` VALUES ('758', '22', '26', 'JKT-A08', 'PC14392302', 'HENGFENG SHOES MATERIALS CO.LTD 2', 'MR. WONG 2', '1', 'BUCKLES WITH BOCO', '1000', '7.6', '0.65', null, '3879', '900/425/KG');
INSERT INTO `manifest_data` VALUES ('759', '22', '26', 'JKT-A08', 'PC14392303', 'HENGFENG SHOES MATERIALS CO.LTD 3', 'MR. WONG 3', '1', 'BUCKLES WITH BOCO', '1000', '7.6', '0.65', null, '3879', '900/425/KG');
INSERT INTO `manifest_data` VALUES ('760', '22', '26', 'JKT-A08', 'PC14392304', 'HENGFENG SHOES MATERIALS CO.LTD 4', 'MR. WONG 4', '1', 'BUCKLES WITH BOCO', '1000', '7.6', '0.65', null, '3879', '900/425/KG');
INSERT INTO `manifest_data` VALUES ('761', '22', '26', 'JKT-A08', 'PC14392305', 'HENGFENG SHOES MATERIALS CO.LTD 5', 'MR. WONG 5', '1', 'BUCKLES WITH BOCO', '1000', '7.6', '0.65', null, '3879', '900/425/KG');
INSERT INTO `manifest_data` VALUES ('762', '22', '26', 'JKT-A08', 'PC14392306', 'HENGFENG SHOES MATERIALS CO.LTD 6', 'MR. WONG 6', '1', 'BUCKLES WITH BOCO', '1000', '7.6', '0.65', null, '3879', '900/425/KG');
INSERT INTO `manifest_data` VALUES ('763', '22', '26', 'JKT-A08', 'PC14392301', 'HENGFENG SHOES MATERIALS CO.LTD 1', 'MR. WONG 1', '1', 'BUCKLES WITH BOCO', '1000', '7.6', '0.65', null, '3879', '900/425/KG');
INSERT INTO `manifest_data` VALUES ('764', '22', '26', 'JKT-A08', 'PC14392302', 'HENGFENG SHOES MATERIALS CO.LTD 2', 'MR. WONG 2', '1', 'BUCKLES WITH BOCO', '1000', '7.6', '0.65', null, '3879', '900/425/KG');
INSERT INTO `manifest_data` VALUES ('765', '22', '26', 'JKT-A08', 'PC14392303', 'HENGFENG SHOES MATERIALS CO.LTD 3', 'MR. WONG 3', '1', 'BUCKLES WITH BOCO', '1000', '7.6', '0.65', null, '3879', '900/425/KG');
INSERT INTO `manifest_data` VALUES ('766', '22', '26', 'JKT-A08', 'PC14392304', 'HENGFENG SHOES MATERIALS CO.LTD 4', 'MR. WONG 4', '1', 'BUCKLES WITH BOCO', '1000', '7.6', '0.65', null, '3879', '900/425/KG');
INSERT INTO `manifest_data` VALUES ('767', '22', '26', 'JKT-A08', 'PC14392305', 'HENGFENG SHOES MATERIALS CO.LTD 5', 'MR. WONG 5', '1', 'BUCKLES WITH BOCO', '1000', '7.6', '0.65', null, '3879', '900/425/KG');
INSERT INTO `manifest_data` VALUES ('768', '22', '26', 'JKT-A08', 'PC14392306', 'HENGFENG SHOES MATERIALS CO.LTD 6', 'MR. WONG 6', '1', 'BUCKLES WITH BOCO', '1000', '7.6', '0.65', null, '3879', '900/425/KG');
INSERT INTO `manifest_data` VALUES ('769', '22', '26', 'JKT-A08', 'PC14392301', 'HENGFENG SHOES MATERIALS CO.LTD 1', 'MR. WONG 1', '1', 'BUCKLES WITH BOCO', '1000', '7.6', '0.65', null, '3879', '900/425/KG');
INSERT INTO `manifest_data` VALUES ('770', '22', '26', 'JKT-A08', 'PC14392302', 'HENGFENG SHOES MATERIALS CO.LTD 2', 'MR. WONG 2', '1', 'BUCKLES WITH BOCO', '1000', '7.6', '0.65', null, '3879', '900/425/KG');
INSERT INTO `manifest_data` VALUES ('771', '22', '26', 'JKT-A08', 'PC14392303', 'HENGFENG SHOES MATERIALS CO.LTD 3', 'MR. WONG 3', '1', 'BUCKLES WITH BOCO', '1000', '7.6', '0.65', null, '3879', '900/425/KG');
INSERT INTO `manifest_data` VALUES ('772', '22', '26', 'JKT-A08', 'PC14392304', 'HENGFENG SHOES MATERIALS CO.LTD 4', 'MR. WONG 4', '1', 'BUCKLES WITH BOCO', '1000', '7.6', '0.65', null, '3879', '900/425/KG');
INSERT INTO `manifest_data` VALUES ('773', '22', '26', 'JKT-A08', 'PC14392305', 'HENGFENG SHOES MATERIALS CO.LTD 5', 'MR. WONG 5', '1', 'BUCKLES WITH BOCO', '1000', '7.6', '0.65', null, '3879', '900/425/KG');
INSERT INTO `manifest_data` VALUES ('774', '22', '26', 'JKT-A08', 'PC14392306', 'HENGFENG SHOES MATERIALS CO.LTD 6', 'MR. WONG 6', '1', 'BUCKLES WITH BOCO', '1000', '7.6', '0.65', null, '3879', '900/425/KG');
INSERT INTO `manifest_data` VALUES ('775', '22', '26', 'JKT-A08', 'PC14392301', 'HENGFENG SHOES MATERIALS CO.LTD 1', 'MR. WONG 1', '1', 'BUCKLES WITH BOCO', '1000', '7.6', '0.65', null, '3879', '900/425/KG');
INSERT INTO `manifest_data` VALUES ('776', '22', '26', 'JKT-A08', 'PC14392302', 'HENGFENG SHOES MATERIALS CO.LTD 2', 'MR. WONG 2', '1', 'BUCKLES WITH BOCO', '1000', '7.6', '0.65', null, '3879', '900/425/KG');
INSERT INTO `manifest_data` VALUES ('777', '22', '26', 'JKT-A08', 'PC14392303', 'HENGFENG SHOES MATERIALS CO.LTD 3', 'MR. WONG 3', '1', 'BUCKLES WITH BOCO', '1000', '7.6', '0.65', null, '3879', '900/425/KG');
INSERT INTO `manifest_data` VALUES ('778', '22', '26', 'JKT-A08', 'PC14392304', 'HENGFENG SHOES MATERIALS CO.LTD 4', 'MR. WONG 4', '1', 'BUCKLES WITH BOCO', '1000', '7.6', '0.65', null, '3879', '900/425/KG');
INSERT INTO `manifest_data` VALUES ('779', '22', '26', 'JKT-A08', 'PC14392305', 'HENGFENG SHOES MATERIALS CO.LTD 5', 'MR. WONG 5', '1', 'BUCKLES WITH BOCO', '1000', '7.6', '0.65', null, '3879', '900/425/KG');
INSERT INTO `manifest_data` VALUES ('780', '22', '26', 'JKT-A08', 'PC14392306', 'HENGFENG SHOES MATERIALS CO.LTD 6', 'MR. WONG 6', '1', 'BUCKLES WITH BOCO', '1000', '7.6', '0.65', null, '3879', '900/425/KG');
INSERT INTO `manifest_data` VALUES ('781', '22', '26', 'JKT-A08', 'PC14392301', 'HENGFENG SHOES MATERIALS CO.LTD 1', 'MR. WONG 1', '1', 'BUCKLES WITH BOCO', '1000', '7.6', '0.65', null, '3879', '900/425/KG');
INSERT INTO `manifest_data` VALUES ('782', '22', '26', 'JKT-A08', 'PC14392302', 'HENGFENG SHOES MATERIALS CO.LTD 2', 'MR. WONG 2', '1', 'BUCKLES WITH BOCO', '1000', '7.6', '0.65', null, '3879', '900/425/KG');
INSERT INTO `manifest_data` VALUES ('783', '22', '26', 'JKT-A08', 'PC14392303', 'HENGFENG SHOES MATERIALS CO.LTD 3', 'MR. WONG 3', '1', 'BUCKLES WITH BOCO', '1000', '7.6', '0.65', null, '3879', '900/425/KG');
INSERT INTO `manifest_data` VALUES ('784', '22', '26', 'JKT-A08', 'PC14392304', 'HENGFENG SHOES MATERIALS CO.LTD 4', 'MR. WONG 4', '1', 'BUCKLES WITH BOCO', '1000', '7.6', '0.65', null, '3879', '900/425/KG');
INSERT INTO `manifest_data` VALUES ('785', '22', '26', 'JKT-A08', 'PC14392305', 'HENGFENG SHOES MATERIALS CO.LTD 5', 'MR. WONG 5', '1', 'BUCKLES WITH BOCO', '1000', '7.6', '0.65', null, '3879', '900/425/KG');
INSERT INTO `manifest_data` VALUES ('786', '22', '26', 'JKT-A08', 'PC14392306', 'HENGFENG SHOES MATERIALS CO.LTD 6', 'MR. WONG 6', '1', 'BUCKLES WITH BOCO', '1000', '7.6', '0.65', null, '3879', '900/425/KG');
INSERT INTO `manifest_data` VALUES ('787', '22', '26', 'JKT-A08', 'PC14392301', 'HENGFENG SHOES MATERIALS CO.LTD 1', 'MR. WONG 1', '1', 'BUCKLES WITH BOCO', '1000', '7.6', '0.65', null, '3879', '900/425/KG');
INSERT INTO `manifest_data` VALUES ('788', '22', '26', 'JKT-A08', 'PC14392302', 'HENGFENG SHOES MATERIALS CO.LTD 2', 'MR. WONG 2', '1', 'BUCKLES WITH BOCO', '1000', '7.6', '0.65', null, '3879', '900/425/KG');
INSERT INTO `manifest_data` VALUES ('789', '22', '26', 'JKT-A08', 'PC14392303', 'HENGFENG SHOES MATERIALS CO.LTD 3', 'MR. WONG 3', '1', 'BUCKLES WITH BOCO', '1000', '7.6', '0.65', null, '3879', '900/425/KG');
INSERT INTO `manifest_data` VALUES ('790', '22', '26', 'JKT-A08', 'PC14392304', 'HENGFENG SHOES MATERIALS CO.LTD 4', 'MR. WONG 4', '1', 'BUCKLES WITH BOCO', '1000', '7.6', '0.65', null, '3879', '900/425/KG');
INSERT INTO `manifest_data` VALUES ('791', '22', '26', 'JKT-A08', 'PC14392305', 'HENGFENG SHOES MATERIALS CO.LTD 5', 'MR. WONG 5', '1', 'BUCKLES WITH BOCO', '1000', '7.6', '0.65', null, '3879', '900/425/KG');
INSERT INTO `manifest_data` VALUES ('792', '22', '26', 'JKT-A08', 'PC14392306', 'HENGFENG SHOES MATERIALS CO.LTD 6', 'MR. WONG 6', '1', 'BUCKLES WITH BOCO', '1000', '7.6', '0.65', null, '3879', '900/425/KG');
INSERT INTO `manifest_data` VALUES ('793', '22', '26', 'JKT-A08', 'PC14392301', 'HENGFENG SHOES MATERIALS CO.LTD 1', 'MR. WONG 1', '1', 'BUCKLES WITH BOCO', '1000', '7.6', '0.65', null, '3879', '900/425/KG');
INSERT INTO `manifest_data` VALUES ('794', '22', '26', 'JKT-A08', 'PC14392302', 'HENGFENG SHOES MATERIALS CO.LTD 2', 'MR. WONG 2', '1', 'BUCKLES WITH BOCO', '1000', '7.6', '0.65', null, '3879', '900/425/KG');
INSERT INTO `manifest_data` VALUES ('795', '22', '26', 'JKT-A08', 'PC14392303', 'HENGFENG SHOES MATERIALS CO.LTD 3', 'MR. WONG 3', '1', 'BUCKLES WITH BOCO', '1000', '7.6', '0.65', null, '3879', '900/425/KG');
INSERT INTO `manifest_data` VALUES ('796', '22', '26', 'JKT-A08', 'PC14392304', 'HENGFENG SHOES MATERIALS CO.LTD 4', 'MR. WONG 4', '1', 'BUCKLES WITH BOCO', '1000', '7.6', '0.65', null, '3879', '900/425/KG');
INSERT INTO `manifest_data` VALUES ('797', '22', '26', 'JKT-A08', 'PC14392305', 'HENGFENG SHOES MATERIALS CO.LTD 5', 'MR. WONG 5', '1', 'BUCKLES WITH BOCO', '1000', '7.6', '0.65', null, '3879', '900/425/KG');
INSERT INTO `manifest_data` VALUES ('798', '22', '26', 'JKT-A08', 'PC14392306', 'HENGFENG SHOES MATERIALS CO.LTD 6', 'MR. WONG 6', '1', 'BUCKLES WITH BOCO', '1000', '7.6', '0.65', null, '3879', '900/425/KG');
INSERT INTO `manifest_data` VALUES ('799', '22', '26', 'JKT-A08', 'PC14392301', 'HENGFENG SHOES MATERIALS CO.LTD 1', 'MR. WONG 1', '1', 'BUCKLES WITH BOCO', '1000', '7.6', '0.65', null, '3879', '900/425/KG');
INSERT INTO `manifest_data` VALUES ('800', '22', '26', 'JKT-A08', 'PC14392302', 'HENGFENG SHOES MATERIALS CO.LTD 2', 'MR. WONG 2', '1', 'BUCKLES WITH BOCO', '1000', '7.6', '0.65', null, '3879', '900/425/KG');
INSERT INTO `manifest_data` VALUES ('801', '22', '26', 'JKT-A08', 'PC14392303', 'HENGFENG SHOES MATERIALS CO.LTD 3', 'MR. WONG 3', '1', 'BUCKLES WITH BOCO', '1000', '7.6', '0.65', null, '3879', '900/425/KG');
INSERT INTO `manifest_data` VALUES ('802', '22', '26', 'JKT-A08', 'PC14392304', 'HENGFENG SHOES MATERIALS CO.LTD 4', 'MR. WONG 4', '1', 'BUCKLES WITH BOCO', '1000', '7.6', '0.65', null, '3879', '900/425/KG');
INSERT INTO `manifest_data` VALUES ('803', '22', '26', 'JKT-A08', 'PC14392305', 'HENGFENG SHOES MATERIALS CO.LTD 5', 'MR. WONG 5', '1', 'BUCKLES WITH BOCO', '1000', '7.6', '0.65', null, '3879', '900/425/KG');
INSERT INTO `manifest_data` VALUES ('804', '22', '26', 'JKT-A08', 'PC14392306', 'HENGFENG SHOES MATERIALS CO.LTD 6', 'MR. WONG 6', '1', 'BUCKLES WITH BOCO', '1000', '7.6', '0.65', null, '3879', '900/425/KG');
INSERT INTO `manifest_data` VALUES ('805', '22', '26', 'JKT-A08', 'PC14392301', 'HENGFENG SHOES MATERIALS CO.LTD 1', 'MR. WONG 1', '1', 'BUCKLES WITH BOCO', '1000', '7.6', '0.65', null, '3879', '900/425/KG');
INSERT INTO `manifest_data` VALUES ('806', '22', '26', 'JKT-A08', 'PC14392302', 'HENGFENG SHOES MATERIALS CO.LTD 2', 'MR. WONG 2', '1', 'BUCKLES WITH BOCO', '1000', '7.6', '0.65', null, '3879', '900/425/KG');
INSERT INTO `manifest_data` VALUES ('807', '22', '26', 'JKT-A08', 'PC14392303', 'HENGFENG SHOES MATERIALS CO.LTD 3', 'MR. WONG 3', '1', 'BUCKLES WITH BOCO', '1000', '7.6', '0.65', null, '3879', '900/425/KG');
INSERT INTO `manifest_data` VALUES ('808', '22', '26', 'JKT-A08', 'PC14392304', 'HENGFENG SHOES MATERIALS CO.LTD 4', 'MR. WONG 4', '1', 'BUCKLES WITH BOCO', '1000', '7.6', '0.65', null, '3879', '900/425/KG');
INSERT INTO `manifest_data` VALUES ('809', '22', '26', 'JKT-A08', 'PC14392305', 'HENGFENG SHOES MATERIALS CO.LTD 5', 'MR. WONG 5', '1', 'BUCKLES WITH BOCO', '1000', '7.6', '0.65', null, '3879', '900/425/KG');
INSERT INTO `manifest_data` VALUES ('810', '22', '26', 'JKT-A08', 'PC14392306', 'HENGFENG SHOES MATERIALS CO.LTD 6', 'MR. WONG 6', '1', 'BUCKLES WITH BOCO', '1000', '7.6', '0.65', null, '3879', '900/425/KG');
INSERT INTO `manifest_data` VALUES ('811', '22', '26', 'JKT-A08', 'PC14392301', 'HENGFENG SHOES MATERIALS CO.LTD 1', 'MR. WONG 1', '1', 'BUCKLES WITH BOCO', '1000', '7.6', '0.65', null, '3879', '900/425/KG');
INSERT INTO `manifest_data` VALUES ('812', '22', '26', 'JKT-A08', 'PC14392302', 'HENGFENG SHOES MATERIALS CO.LTD 2', 'MR. WONG 2', '1', 'BUCKLES WITH BOCO', '1000', '7.6', '0.65', null, '3879', '900/425/KG');
INSERT INTO `manifest_data` VALUES ('813', '22', '26', 'JKT-A08', 'PC14392303', 'HENGFENG SHOES MATERIALS CO.LTD 3', 'MR. WONG 3', '1', 'BUCKLES WITH BOCO', '1000', '7.6', '0.65', null, '3879', '900/425/KG');
INSERT INTO `manifest_data` VALUES ('814', '22', '26', 'JKT-A08', 'PC14392304', 'HENGFENG SHOES MATERIALS CO.LTD 4', 'MR. WONG 4', '1', 'BUCKLES WITH BOCO', '1000', '7.6', '0.65', null, '3879', '900/425/KG');
INSERT INTO `manifest_data` VALUES ('815', '22', '26', 'JKT-A08', 'PC14392305', 'HENGFENG SHOES MATERIALS CO.LTD 5', 'MR. WONG 5', '1', 'BUCKLES WITH BOCO', '1000', '7.6', '0.65', null, '3879', '900/425/KG');
INSERT INTO `manifest_data` VALUES ('816', '22', '26', 'JKT-A08', 'PC14392306', 'HENGFENG SHOES MATERIALS CO.LTD 6', 'MR. WONG 6', '1', 'BUCKLES WITH BOCO', '1000', '7.6', '0.65', null, '3879', '900/425/KG');
INSERT INTO `manifest_data` VALUES ('817', '22', '26', 'JKT-A08', 'PC14392301', 'HENGFENG SHOES MATERIALS CO.LTD 1', 'MR. WONG 1', '1', 'BUCKLES WITH BOCO', '1000', '7.6', '0.65', null, '3879', '900/425/KG');
INSERT INTO `manifest_data` VALUES ('818', '22', '26', 'JKT-A08', 'PC14392302', 'HENGFENG SHOES MATERIALS CO.LTD 2', 'MR. WONG 2', '1', 'BUCKLES WITH BOCO', '1000', '7.6', '0.65', null, '3879', '900/425/KG');
INSERT INTO `manifest_data` VALUES ('819', '22', '26', 'JKT-A08', 'PC14392303', 'HENGFENG SHOES MATERIALS CO.LTD 3', 'MR. WONG 3', '1', 'BUCKLES WITH BOCO', '1000', '7.6', '0.65', null, '3879', '900/425/KG');
INSERT INTO `manifest_data` VALUES ('820', '22', '26', 'JKT-A08', 'PC14392304', 'HENGFENG SHOES MATERIALS CO.LTD 4', 'MR. WONG 4', '1', 'BUCKLES WITH BOCO', '1000', '7.6', '0.65', null, '3879', '900/425/KG');
INSERT INTO `manifest_data` VALUES ('821', '22', '26', 'JKT-A08', 'PC14392305', 'HENGFENG SHOES MATERIALS CO.LTD 5', 'MR. WONG 5', '1', 'BUCKLES WITH BOCO', '1000', '7.6', '0.65', null, '3879', '900/425/KG');
INSERT INTO `manifest_data` VALUES ('822', '22', '26', 'JKT-A08', 'PC14392306', 'HENGFENG SHOES MATERIALS CO.LTD 6', 'MR. WONG 6', '1', 'BUCKLES WITH BOCO', '1000', '7.6', '0.65', null, '3879', '900/425/KG');
INSERT INTO `manifest_data` VALUES ('823', '22', '26', 'JKT-A08', 'PC14392301', 'HENGFENG SHOES MATERIALS CO.LTD 1', 'MR. WONG 1', '1', 'BUCKLES WITH BOCO', '1000', '7.6', '0.65', null, '3879', '900/425/KG');
INSERT INTO `manifest_data` VALUES ('824', '22', '26', 'JKT-A08', 'PC14392302', 'HENGFENG SHOES MATERIALS CO.LTD 2', 'MR. WONG 2', '1', 'BUCKLES WITH BOCO', '1000', '7.6', '0.65', null, '3879', '900/425/KG');
INSERT INTO `manifest_data` VALUES ('825', '22', '26', 'JKT-A08', 'PC14392303', 'HENGFENG SHOES MATERIALS CO.LTD 3', 'MR. WONG 3', '1', 'BUCKLES WITH BOCO', '1000', '7.6', '0.65', null, '3879', '900/425/KG');
INSERT INTO `manifest_data` VALUES ('826', '22', '26', 'JKT-A08', 'PC14392304', 'HENGFENG SHOES MATERIALS CO.LTD 4', 'MR. WONG 4', '1', 'BUCKLES WITH BOCO', '1000', '7.6', '0.65', null, '3879', '900/425/KG');
INSERT INTO `manifest_data` VALUES ('827', '22', '26', 'JKT-A08', 'PC14392305', 'HENGFENG SHOES MATERIALS CO.LTD 5', 'MR. WONG 5', '1', 'BUCKLES WITH BOCO', '1000', '7.6', '0.65', null, '3879', '900/425/KG');
INSERT INTO `manifest_data` VALUES ('828', '22', '26', 'JKT-A08', 'PC14392306', 'HENGFENG SHOES MATERIALS CO.LTD 6', 'MR. WONG 6', '1', 'BUCKLES WITH BOCO', '1000', '7.6', '0.65', null, '3879', '900/425/KG');
INSERT INTO `manifest_data` VALUES ('829', '22', '26', 'JKT-A08', 'PC14392301', 'HENGFENG SHOES MATERIALS CO.LTD 1', 'MR. WONG 1', '1', 'BUCKLES WITH BOCO', '1000', '7.6', '0.65', null, '3879', '900/425/KG');
INSERT INTO `manifest_data` VALUES ('830', '22', '26', 'JKT-A08', 'PC14392302', 'HENGFENG SHOES MATERIALS CO.LTD 2', 'MR. WONG 2', '1', 'BUCKLES WITH BOCO', '1000', '7.6', '0.65', null, '3879', '900/425/KG');
INSERT INTO `manifest_data` VALUES ('831', '22', '26', 'JKT-A08', 'PC14392303', 'HENGFENG SHOES MATERIALS CO.LTD 3', 'MR. WONG 3', '1', 'BUCKLES WITH BOCO', '1000', '7.6', '0.65', null, '3879', '900/425/KG');
INSERT INTO `manifest_data` VALUES ('832', '22', '26', 'JKT-A08', 'PC14392304', 'HENGFENG SHOES MATERIALS CO.LTD 4', 'MR. WONG 4', '1', 'BUCKLES WITH BOCO', '1000', '7.6', '0.65', null, '3879', '900/425/KG');
INSERT INTO `manifest_data` VALUES ('833', '22', '26', 'JKT-A08', 'PC14392305', 'HENGFENG SHOES MATERIALS CO.LTD 5', 'MR. WONG 5', '1', 'BUCKLES WITH BOCO', '1000', '7.6', '0.65', null, '3879', '900/425/KG');
INSERT INTO `manifest_data` VALUES ('834', '22', '26', 'JKT-A08', 'PC14392306', 'HENGFENG SHOES MATERIALS CO.LTD 6', 'MR. WONG 6', '1', 'BUCKLES WITH BOCO', '1000', '7.6', '0.65', null, '3879', '900/425/KG');
INSERT INTO `manifest_data` VALUES ('835', '22', '26', 'JKT-A08', 'PC14392301', 'HENGFENG SHOES MATERIALS CO.LTD 1', 'MR. WONG 1', '1', 'BUCKLES WITH BOCO', '1000', '7.6', '0.65', null, '3879', '900/425/KG');
INSERT INTO `manifest_data` VALUES ('836', '22', '26', 'JKT-A08', 'PC14392302', 'HENGFENG SHOES MATERIALS CO.LTD 2', 'MR. WONG 2', '1', 'BUCKLES WITH BOCO', '1000', '7.6', '0.65', null, '3879', '900/425/KG');
INSERT INTO `manifest_data` VALUES ('837', '22', '26', 'JKT-A08', 'PC14392303', 'HENGFENG SHOES MATERIALS CO.LTD 3', 'MR. WONG 3', '1', 'BUCKLES WITH BOCO', '1000', '7.6', '0.65', null, '3879', '900/425/KG');
INSERT INTO `manifest_data` VALUES ('838', '22', '26', 'JKT-A08', 'PC14392304', 'HENGFENG SHOES MATERIALS CO.LTD 4', 'MR. WONG 4', '1', 'BUCKLES WITH BOCO', '1000', '7.6', '0.65', null, '3879', '900/425/KG');
INSERT INTO `manifest_data` VALUES ('839', '22', '26', 'JKT-A08', 'PC14392305', 'HENGFENG SHOES MATERIALS CO.LTD 5', 'MR. WONG 5', '1', 'BUCKLES WITH BOCO', '1000', '7.6', '0.65', null, '3879', '900/425/KG');
INSERT INTO `manifest_data` VALUES ('840', '22', '26', 'JKT-A08', 'PC14392306', 'HENGFENG SHOES MATERIALS CO.LTD 6', 'MR. WONG 6', '1', 'BUCKLES WITH BOCO', '1000', '7.6', '0.65', null, '3879', '900/425/KG');
INSERT INTO `manifest_data` VALUES ('841', '22', '26', 'JKT-A08', 'PC14392301', 'HENGFENG SHOES MATERIALS CO.LTD 1', 'MR. WONG 1', '1', 'BUCKLES WITH BOCO', '1000', '7.6', '0.65', null, '3879', '900/425/KG');
INSERT INTO `manifest_data` VALUES ('842', '22', '26', 'JKT-A08', 'PC14392302', 'HENGFENG SHOES MATERIALS CO.LTD 2', 'MR. WONG 2', '1', 'BUCKLES WITH BOCO', '1000', '7.6', '0.65', null, '3879', '900/425/KG');
INSERT INTO `manifest_data` VALUES ('843', '22', '26', 'JKT-A08', 'PC14392303', 'HENGFENG SHOES MATERIALS CO.LTD 3', 'MR. WONG 3', '1', 'BUCKLES WITH BOCO', '1000', '7.6', '0.65', null, '3879', '900/425/KG');
INSERT INTO `manifest_data` VALUES ('844', '22', '26', 'JKT-A08', 'PC14392304', 'HENGFENG SHOES MATERIALS CO.LTD 4', 'MR. WONG 4', '1', 'BUCKLES WITH BOCO', '1000', '7.6', '0.65', null, '3879', '900/425/KG');
INSERT INTO `manifest_data` VALUES ('845', '22', '26', 'JKT-A08', 'PC14392305', 'HENGFENG SHOES MATERIALS CO.LTD 5', 'MR. WONG 5', '1', 'BUCKLES WITH BOCO', '1000', '7.6', '0.65', null, '3879', '900/425/KG');
INSERT INTO `manifest_data` VALUES ('846', '22', '26', 'JKT-A08', 'PC14392306', 'HENGFENG SHOES MATERIALS CO.LTD 6', 'MR. WONG 6', '1', 'BUCKLES WITH BOCO', '1000', '7.6', '0.65', null, '3879', '900/425/KG');
INSERT INTO `manifest_data` VALUES ('847', '22', '26', 'JKT-A08', 'PC14392301', 'HENGFENG SHOES MATERIALS CO.LTD 1', 'MR. WONG 1', '1', 'BUCKLES WITH BOCO', '1000', '7.6', '0.65', null, '3879', '900/425/KG');
INSERT INTO `manifest_data` VALUES ('848', '22', '26', 'JKT-A08', 'PC14392302', 'HENGFENG SHOES MATERIALS CO.LTD 2', 'MR. WONG 2', '1', 'BUCKLES WITH BOCO', '1000', '7.6', '0.65', null, '3879', '900/425/KG');
INSERT INTO `manifest_data` VALUES ('849', '22', '26', 'JKT-A08', 'PC14392303', 'HENGFENG SHOES MATERIALS CO.LTD 3', 'MR. WONG 3', '1', 'BUCKLES WITH BOCO', '1000', '7.6', '0.65', null, '3879', '900/425/KG');
INSERT INTO `manifest_data` VALUES ('850', '22', '26', 'JKT-A08', 'PC14392304', 'HENGFENG SHOES MATERIALS CO.LTD 4', 'MR. WONG 4', '1', 'BUCKLES WITH BOCO', '1000', '7.6', '0.65', null, '3879', '900/425/KG');
INSERT INTO `manifest_data` VALUES ('851', '22', '26', 'JKT-A08', 'PC14392305', 'HENGFENG SHOES MATERIALS CO.LTD 5', 'MR. WONG 5', '1', 'BUCKLES WITH BOCO', '1000', '7.6', '0.65', null, '3879', '900/425/KG');
INSERT INTO `manifest_data` VALUES ('852', '22', '26', 'JKT-A08', 'PC14392306', 'HENGFENG SHOES MATERIALS CO.LTD 6', 'MR. WONG 6', '1', 'BUCKLES WITH BOCO', '1000', '7.6', '0.65', null, '3879', '900/425/KG');
INSERT INTO `manifest_data` VALUES ('853', '22', '26', 'JKT-A08', 'PC14392301', 'HENGFENG SHOES MATERIALS CO.LTD 1', 'MR. WONG 1', '1', 'BUCKLES WITH BOCO', '1000', '7.6', '0.65', null, '3879', '900/425/KG');
INSERT INTO `manifest_data` VALUES ('854', '22', '26', 'JKT-A08', 'PC14392302', 'HENGFENG SHOES MATERIALS CO.LTD 2', 'MR. WONG 2', '1', 'BUCKLES WITH BOCO', '1000', '7.6', '0.65', null, '3879', '900/425/KG');
INSERT INTO `manifest_data` VALUES ('855', '22', '26', 'JKT-A08', 'PC14392303', 'HENGFENG SHOES MATERIALS CO.LTD 3', 'MR. WONG 3', '1', 'BUCKLES WITH BOCO', '1000', '7.6', '0.65', null, '3879', '900/425/KG');
INSERT INTO `manifest_data` VALUES ('856', '22', '26', 'JKT-A08', 'PC14392304', 'HENGFENG SHOES MATERIALS CO.LTD 4', 'MR. WONG 4', '1', 'BUCKLES WITH BOCO', '1000', '7.6', '0.65', null, '3879', '900/425/KG');
INSERT INTO `manifest_data` VALUES ('857', '22', '26', 'JKT-A08', 'PC14392305', 'HENGFENG SHOES MATERIALS CO.LTD 5', 'MR. WONG 5', '1', 'BUCKLES WITH BOCO', '1000', '7.6', '0.65', null, '3879', '900/425/KG');
INSERT INTO `manifest_data` VALUES ('858', '22', '26', 'JKT-A08', 'PC14392306', 'HENGFENG SHOES MATERIALS CO.LTD 6', 'MR. WONG 6', '1', 'BUCKLES WITH BOCO', '1000', '7.6', '0.65', null, '3879', '900/425/KG');
INSERT INTO `manifest_data` VALUES ('859', '22', '26', 'JKT-A08', 'PC14392301', 'HENGFENG SHOES MATERIALS CO.LTD 1', 'MR. WONG 1', '1', 'BUCKLES WITH BOCO', '1000', '7.6', '0.65', null, '3879', '900/425/KG');
INSERT INTO `manifest_data` VALUES ('860', '22', '26', 'JKT-A08', 'PC14392302', 'HENGFENG SHOES MATERIALS CO.LTD 2', 'MR. WONG 2', '1', 'BUCKLES WITH BOCO', '1000', '7.6', '0.65', null, '3879', '900/425/KG');
INSERT INTO `manifest_data` VALUES ('861', '22', '26', 'JKT-A08', 'PC14392303', 'HENGFENG SHOES MATERIALS CO.LTD 3', 'MR. WONG 3', '1', 'BUCKLES WITH BOCO', '1000', '7.6', '0.65', null, '3879', '900/425/KG');
INSERT INTO `manifest_data` VALUES ('862', '22', '26', 'JKT-A08', 'PC14392304', 'HENGFENG SHOES MATERIALS CO.LTD 4', 'MR. WONG 4', '1', 'BUCKLES WITH BOCO', '1000', '7.6', '0.65', null, '3879', '900/425/KG');
INSERT INTO `manifest_data` VALUES ('863', '22', '26', 'JKT-A08', 'PC14392305', 'HENGFENG SHOES MATERIALS CO.LTD 5', 'MR. WONG 5', '1', 'BUCKLES WITH BOCO', '1000', '7.6', '0.65', null, '3879', '900/425/KG');
INSERT INTO `manifest_data` VALUES ('864', '22', '26', 'JKT-A08', 'PC14392306', 'HENGFENG SHOES MATERIALS CO.LTD 6', 'MR. WONG 6', '1', 'BUCKLES WITH BOCO', '1000', '7.6', '0.65', null, '3879', '900/425/KG');
INSERT INTO `manifest_data` VALUES ('865', '22', '26', 'JKT-A08', 'PC14392301', 'HENGFENG SHOES MATERIALS CO.LTD 1', 'MR. WONG 1', '1', 'BUCKLES WITH BOCO', '1000', '7.6', '0.65', null, '3879', '900/425/KG');
INSERT INTO `manifest_data` VALUES ('866', '22', '26', 'JKT-A08', 'PC14392302', 'HENGFENG SHOES MATERIALS CO.LTD 2', 'MR. WONG 2', '1', 'BUCKLES WITH BOCO', '1000', '7.6', '0.65', null, '3879', '900/425/KG');
INSERT INTO `manifest_data` VALUES ('867', '22', '26', 'JKT-A08', 'PC14392303', 'HENGFENG SHOES MATERIALS CO.LTD 3', 'MR. WONG 3', '1', 'BUCKLES WITH BOCO', '1000', '7.6', '0.65', null, '3879', '900/425/KG');
INSERT INTO `manifest_data` VALUES ('868', '22', '26', 'JKT-A08', 'PC14392304', 'HENGFENG SHOES MATERIALS CO.LTD 4', 'MR. WONG 4', '1', 'BUCKLES WITH BOCO', '1000', '7.6', '0.65', null, '3879', '900/425/KG');
INSERT INTO `manifest_data` VALUES ('869', '22', '26', 'JKT-A08', 'PC14392305', 'HENGFENG SHOES MATERIALS CO.LTD 5', 'MR. WONG 5', '1', 'BUCKLES WITH BOCO', '1000', '7.6', '0.65', null, '3879', '900/425/KG');
INSERT INTO `manifest_data` VALUES ('870', '22', '26', 'JKT-A08', 'PC14392306', 'HENGFENG SHOES MATERIALS CO.LTD 6', 'MR. WONG 6', '1', 'BUCKLES WITH BOCO', '1000', '7.6', '0.65', null, '3879', '900/425/KG');
INSERT INTO `manifest_data` VALUES ('871', '22', '26', 'JKT-A08', 'PC14392301', 'HENGFENG SHOES MATERIALS CO.LTD 1', 'MR. WONG 1', '1', 'BUCKLES WITH BOCO', '1000', '7.6', '0.65', null, '3879', '900/425/KG');
INSERT INTO `manifest_data` VALUES ('872', '22', '26', 'JKT-A08', 'PC14392302', 'HENGFENG SHOES MATERIALS CO.LTD 2', 'MR. WONG 2', '1', 'BUCKLES WITH BOCO', '1000', '7.6', '0.65', null, '3879', '900/425/KG');
INSERT INTO `manifest_data` VALUES ('873', '22', '26', 'JKT-A08', 'PC14392303', 'HENGFENG SHOES MATERIALS CO.LTD 3', 'MR. WONG 3', '1', 'BUCKLES WITH BOCO', '1000', '7.6', '0.65', null, '3879', '900/425/KG');
INSERT INTO `manifest_data` VALUES ('874', '22', '26', 'JKT-A08', 'PC14392304', 'HENGFENG SHOES MATERIALS CO.LTD 4', 'MR. WONG 4', '1', 'BUCKLES WITH BOCO', '1000', '7.6', '0.65', null, '3879', '900/425/KG');
INSERT INTO `manifest_data` VALUES ('875', '22', '26', 'JKT-A08', 'PC14392305', 'HENGFENG SHOES MATERIALS CO.LTD 5', 'MR. WONG 5', '1', 'BUCKLES WITH BOCO', '1000', '7.6', '0.65', null, '3879', '900/425/KG');
INSERT INTO `manifest_data` VALUES ('876', '22', '26', 'JKT-A08', 'PC14392306', 'HENGFENG SHOES MATERIALS CO.LTD 6', 'MR. WONG 6', '1', 'BUCKLES WITH BOCO', '1000', '7.6', '0.65', null, '3879', '900/425/KG');
INSERT INTO `manifest_data` VALUES ('877', '22', '26', 'JKT-A08', 'PC14392301', 'HENGFENG SHOES MATERIALS CO.LTD 1', 'MR. WONG 1', '1', 'BUCKLES WITH BOCO', '1000', '7.6', '0.65', null, '3879', '900/425/KG');
INSERT INTO `manifest_data` VALUES ('878', '22', '26', 'JKT-A08', 'PC14392302', 'HENGFENG SHOES MATERIALS CO.LTD 2', 'MR. WONG 2', '1', 'BUCKLES WITH BOCO', '1000', '7.6', '0.65', null, '3879', '900/425/KG');
INSERT INTO `manifest_data` VALUES ('879', '22', '26', 'JKT-A08', 'PC14392303', 'HENGFENG SHOES MATERIALS CO.LTD 3', 'MR. WONG 3', '1', 'BUCKLES WITH BOCO', '1000', '7.6', '0.65', null, '3879', '900/425/KG');
INSERT INTO `manifest_data` VALUES ('880', '22', '26', 'JKT-A08', 'PC14392304', 'HENGFENG SHOES MATERIALS CO.LTD 4', 'MR. WONG 4', '1', 'BUCKLES WITH BOCO', '1000', '7.6', '0.65', null, '3879', '900/425/KG');
INSERT INTO `manifest_data` VALUES ('881', '22', '26', 'JKT-A08', 'PC14392305', 'HENGFENG SHOES MATERIALS CO.LTD 5', 'MR. WONG 5', '1', 'BUCKLES WITH BOCO', '1000', '7.6', '0.65', null, '3879', '900/425/KG');
INSERT INTO `manifest_data` VALUES ('882', '22', '26', 'JKT-A08', 'PC14392306', 'HENGFENG SHOES MATERIALS CO.LTD 6', 'MR. WONG 6', '1', 'BUCKLES WITH BOCO', '1000', '7.6', '0.65', null, '3879', '900/425/KG');
INSERT INTO `manifest_data` VALUES ('883', '22', '26', 'JKT-A08', 'PC14392301', 'HENGFENG SHOES MATERIALS CO.LTD 1', 'MR. WONG 1', '1', 'BUCKLES WITH BOCO', '1000', '7.6', '0.65', null, '3879', '900/425/KG');
INSERT INTO `manifest_data` VALUES ('884', '22', '26', 'JKT-A08', 'PC14392302', 'HENGFENG SHOES MATERIALS CO.LTD 2', 'MR. WONG 2', '1', 'BUCKLES WITH BOCO', '1000', '7.6', '0.65', null, '3879', '900/425/KG');
INSERT INTO `manifest_data` VALUES ('885', '22', '26', 'JKT-A08', 'PC14392303', 'HENGFENG SHOES MATERIALS CO.LTD 3', 'MR. WONG 3', '1', 'BUCKLES WITH BOCO', '1000', '7.6', '0.65', null, '3879', '900/425/KG');
INSERT INTO `manifest_data` VALUES ('886', '22', '26', 'JKT-A08', 'PC14392304', 'HENGFENG SHOES MATERIALS CO.LTD 4', 'MR. WONG 4', '1', 'BUCKLES WITH BOCO', '1000', '7.6', '0.65', null, '3879', '900/425/KG');
INSERT INTO `manifest_data` VALUES ('887', '22', '26', 'JKT-A08', 'PC14392305', 'HENGFENG SHOES MATERIALS CO.LTD 5', 'MR. WONG 5', '1', 'BUCKLES WITH BOCO', '1000', '7.6', '0.65', null, '3879', '900/425/KG');
INSERT INTO `manifest_data` VALUES ('888', '22', '26', 'JKT-A08', 'PC14392306', 'HENGFENG SHOES MATERIALS CO.LTD 6', 'MR. WONG 6', '1', 'BUCKLES WITH BOCO', '1000', '7.6', '0.65', null, '3879', '900/425/KG');
INSERT INTO `manifest_data` VALUES ('889', '22', '26', 'JKT-A08', 'PC14392301', 'HENGFENG SHOES MATERIALS CO.LTD 1', 'MR. WONG 1', '1', 'BUCKLES WITH BOCO', '1000', '7.6', '0.65', null, '3879', '900/425/KG');
INSERT INTO `manifest_data` VALUES ('890', '22', '26', 'JKT-A08', 'PC14392302', 'HENGFENG SHOES MATERIALS CO.LTD 2', 'MR. WONG 2', '1', 'BUCKLES WITH BOCO', '1000', '7.6', '0.65', null, '3879', '900/425/KG');
INSERT INTO `manifest_data` VALUES ('891', '22', '26', 'JKT-A08', 'PC14392303', 'HENGFENG SHOES MATERIALS CO.LTD 3', 'MR. WONG 3', '1', 'BUCKLES WITH BOCO', '1000', '7.6', '0.65', null, '3879', '900/425/KG');
INSERT INTO `manifest_data` VALUES ('892', '22', '26', 'JKT-A08', 'PC14392304', 'HENGFENG SHOES MATERIALS CO.LTD 4', 'MR. WONG 4', '1', 'BUCKLES WITH BOCO', '1000', '7.6', '0.65', null, '3879', '900/425/KG');
INSERT INTO `manifest_data` VALUES ('893', '22', '26', 'JKT-A08', 'PC14392305', 'HENGFENG SHOES MATERIALS CO.LTD 5', 'MR. WONG 5', '1', 'BUCKLES WITH BOCO', '1000', '7.6', '0.65', null, '3879', '900/425/KG');
INSERT INTO `manifest_data` VALUES ('894', '22', '26', 'JKT-A08', 'PC14392306', 'HENGFENG SHOES MATERIALS CO.LTD 6', 'MR. WONG 6', '1', 'BUCKLES WITH BOCO', '1000', '7.6', '0.65', null, '3879', '900/425/KG');
INSERT INTO `manifest_data` VALUES ('895', '22', '26', 'JKT-A08', 'PC14392301', 'HENGFENG SHOES MATERIALS CO.LTD 1', 'MR. WONG 1', '1', 'BUCKLES WITH BOCO', '1000', '7.6', '0.65', null, '3879', '900/425/KG');
INSERT INTO `manifest_data` VALUES ('896', '22', '26', 'JKT-A08', 'PC14392302', 'HENGFENG SHOES MATERIALS CO.LTD 2', 'MR. WONG 2', '1', 'BUCKLES WITH BOCO', '1000', '7.6', '0.65', null, '3879', '900/425/KG');
INSERT INTO `manifest_data` VALUES ('897', '22', '26', 'JKT-A08', 'PC14392303', 'HENGFENG SHOES MATERIALS CO.LTD 3', 'MR. WONG 3', '1', 'BUCKLES WITH BOCO', '1000', '7.6', '0.65', null, '3879', '900/425/KG');
INSERT INTO `manifest_data` VALUES ('898', '22', '26', 'JKT-A08', 'PC14392304', 'HENGFENG SHOES MATERIALS CO.LTD 4', 'MR. WONG 4', '1', 'BUCKLES WITH BOCO', '1000', '7.6', '0.65', null, '3879', '900/425/KG');
INSERT INTO `manifest_data` VALUES ('899', '22', '26', 'JKT-A08', 'PC14392305', 'HENGFENG SHOES MATERIALS CO.LTD 5', 'MR. WONG 5', '1', 'BUCKLES WITH BOCO', '1000', '7.6', '0.65', null, '3879', '900/425/KG');
INSERT INTO `manifest_data` VALUES ('900', '22', '26', 'JKT-A08', 'PC14392306', 'HENGFENG SHOES MATERIALS CO.LTD 6', 'MR. WONG 6', '1', 'BUCKLES WITH BOCO', '1000', '7.6', '0.65', null, '3879', '900/425/KG');
INSERT INTO `manifest_data` VALUES ('901', '22', '26', 'JKT-A08', 'PC14392301', 'HENGFENG SHOES MATERIALS CO.LTD 1', 'MR. WONG 1', '1', 'BUCKLES WITH BOCO', '1000', '7.6', '0.65', null, '3879', '900/425/KG');
INSERT INTO `manifest_data` VALUES ('902', '22', '26', 'JKT-A08', 'PC14392302', 'HENGFENG SHOES MATERIALS CO.LTD 2', 'MR. WONG 2', '1', 'BUCKLES WITH BOCO', '1000', '7.6', '0.65', null, '3879', '900/425/KG');
INSERT INTO `manifest_data` VALUES ('903', '22', '26', 'JKT-A08', 'PC14392303', 'HENGFENG SHOES MATERIALS CO.LTD 3', 'MR. WONG 3', '1', 'BUCKLES WITH BOCO', '1000', '7.6', '0.65', null, '3879', '900/425/KG');
INSERT INTO `manifest_data` VALUES ('904', '22', '26', 'JKT-A08', 'PC14392304', 'HENGFENG SHOES MATERIALS CO.LTD 4', 'MR. WONG 4', '1', 'BUCKLES WITH BOCO', '1000', '7.6', '0.65', null, '3879', '900/425/KG');
INSERT INTO `manifest_data` VALUES ('905', '22', '26', 'JKT-A08', 'PC14392305', 'HENGFENG SHOES MATERIALS CO.LTD 5', 'MR. WONG 5', '1', 'BUCKLES WITH BOCO', '1000', '7.6', '0.65', null, '3879', '900/425/KG');
INSERT INTO `manifest_data` VALUES ('906', '22', '26', 'JKT-A08', 'PC14392306', 'HENGFENG SHOES MATERIALS CO.LTD 6', 'MR. WONG 6', '1', 'BUCKLES WITH BOCO', '1000', '7.6', '0.65', null, '3879', '900/425/KG');
INSERT INTO `manifest_data` VALUES ('907', '22', '26', 'JKT-A08', 'PC14392301', 'HENGFENG SHOES MATERIALS CO.LTD 1', 'MR. WONG 1', '1', 'BUCKLES WITH BOCO', '1000', '7.6', '0.65', null, '3879', '900/425/KG');
INSERT INTO `manifest_data` VALUES ('908', '22', '26', 'JKT-A08', 'PC14392302', 'HENGFENG SHOES MATERIALS CO.LTD 2', 'MR. WONG 2', '1', 'BUCKLES WITH BOCO', '1000', '7.6', '0.65', null, '3879', '900/425/KG');
INSERT INTO `manifest_data` VALUES ('909', '22', '26', 'JKT-A08', 'PC14392303', 'HENGFENG SHOES MATERIALS CO.LTD 3', 'MR. WONG 3', '1', 'BUCKLES WITH BOCO', '1000', '7.6', '0.65', null, '3879', '900/425/KG');
INSERT INTO `manifest_data` VALUES ('910', '22', '26', 'JKT-A08', 'PC14392304', 'HENGFENG SHOES MATERIALS CO.LTD 4', 'MR. WONG 4', '1', 'BUCKLES WITH BOCO', '1000', '7.6', '0.65', null, '3879', '900/425/KG');
INSERT INTO `manifest_data` VALUES ('911', '22', '26', 'JKT-A08', 'PC14392305', 'HENGFENG SHOES MATERIALS CO.LTD 5', 'MR. WONG 5', '1', 'BUCKLES WITH BOCO', '1000', '7.6', '0.65', null, '3879', '900/425/KG');
INSERT INTO `manifest_data` VALUES ('912', '22', '26', 'JKT-A08', 'PC14392306', 'HENGFENG SHOES MATERIALS CO.LTD 6', 'MR. WONG 6', '1', 'BUCKLES WITH BOCO', '1000', '7.6', '0.65', null, '3879', '900/425/KG');
INSERT INTO `manifest_data` VALUES ('913', '22', '26', 'JKT-A08', 'PC14392301', 'HENGFENG SHOES MATERIALS CO.LTD 1', 'MR. WONG 1', '1', 'BUCKLES WITH BOCO', '1000', '7.6', '0.65', null, '3879', '900/425/KG');
INSERT INTO `manifest_data` VALUES ('914', '22', '26', 'JKT-A08', 'PC14392302', 'HENGFENG SHOES MATERIALS CO.LTD 2', 'MR. WONG 2', '1', 'BUCKLES WITH BOCO', '1000', '7.6', '0.65', null, '3879', '900/425/KG');
INSERT INTO `manifest_data` VALUES ('915', '22', '26', 'JKT-A08', 'PC14392303', 'HENGFENG SHOES MATERIALS CO.LTD 3', 'MR. WONG 3', '1', 'BUCKLES WITH BOCO', '1000', '7.6', '0.65', null, '3879', '900/425/KG');
INSERT INTO `manifest_data` VALUES ('916', '22', '26', 'JKT-A08', 'PC14392304', 'HENGFENG SHOES MATERIALS CO.LTD 4', 'MR. WONG 4', '1', 'BUCKLES WITH BOCO', '1000', '7.6', '0.65', null, '3879', '900/425/KG');
INSERT INTO `manifest_data` VALUES ('917', '22', '26', 'JKT-A08', 'PC14392305', 'HENGFENG SHOES MATERIALS CO.LTD 5', 'MR. WONG 5', '1', 'BUCKLES WITH BOCO', '1000', '7.6', '0.65', null, '3879', '900/425/KG');
INSERT INTO `manifest_data` VALUES ('918', '22', '26', 'JKT-A08', 'PC14392306', 'HENGFENG SHOES MATERIALS CO.LTD 6', 'MR. WONG 6', '1', 'BUCKLES WITH BOCO', '1000', '7.6', '0.65', null, '3879', '900/425/KG');
INSERT INTO `manifest_data` VALUES ('919', '22', '26', 'JKT-A08', 'PC14392301', 'HENGFENG SHOES MATERIALS CO.LTD 1', 'MR. WONG 1', '1', 'BUCKLES WITH BOCO', '1000', '7.6', '0.65', null, '3879', '900/425/KG');
INSERT INTO `manifest_data` VALUES ('920', '22', '26', 'JKT-A08', 'PC14392302', 'HENGFENG SHOES MATERIALS CO.LTD 2', 'MR. WONG 2', '1', 'BUCKLES WITH BOCO', '1000', '7.6', '0.65', null, '3879', '900/425/KG');
INSERT INTO `manifest_data` VALUES ('921', '22', '26', 'JKT-A08', 'PC14392303', 'HENGFENG SHOES MATERIALS CO.LTD 3', 'MR. WONG 3', '1', 'BUCKLES WITH BOCO', '1000', '7.6', '0.65', null, '3879', '900/425/KG');
INSERT INTO `manifest_data` VALUES ('922', '22', '26', 'JKT-A08', 'PC14392304', 'HENGFENG SHOES MATERIALS CO.LTD 4', 'MR. WONG 4', '1', 'BUCKLES WITH BOCO', '1000', '7.6', '0.65', null, '3879', '900/425/KG');
INSERT INTO `manifest_data` VALUES ('923', '22', '26', 'JKT-A08', 'PC14392305', 'HENGFENG SHOES MATERIALS CO.LTD 5', 'MR. WONG 5', '1', 'BUCKLES WITH BOCO', '1000', '7.6', '0.65', null, '3879', '900/425/KG');
INSERT INTO `manifest_data` VALUES ('924', '22', '26', 'JKT-A08', 'PC14392306', 'HENGFENG SHOES MATERIALS CO.LTD 6', 'MR. WONG 6', '1', 'BUCKLES WITH BOCO', '1000', '7.6', '0.65', null, '3879', '900/425/KG');
INSERT INTO `manifest_data` VALUES ('925', '22', '26', 'JKT-A08', 'PC14392301', 'HENGFENG SHOES MATERIALS CO.LTD 1', 'MR. WONG 1', '1', 'BUCKLES WITH BOCO', '1000', '7.6', '0.65', null, '3879', '900/425/KG');
INSERT INTO `manifest_data` VALUES ('926', '22', '26', 'JKT-A08', 'PC14392302', 'HENGFENG SHOES MATERIALS CO.LTD 2', 'MR. WONG 2', '1', 'BUCKLES WITH BOCO', '1000', '7.6', '0.65', null, '3879', '900/425/KG');
INSERT INTO `manifest_data` VALUES ('927', '22', '26', 'JKT-A08', 'PC14392303', 'HENGFENG SHOES MATERIALS CO.LTD 3', 'MR. WONG 3', '1', 'BUCKLES WITH BOCO', '1000', '7.6', '0.65', null, '3879', '900/425/KG');
INSERT INTO `manifest_data` VALUES ('928', '22', '26', 'JKT-A08', 'PC14392304', 'HENGFENG SHOES MATERIALS CO.LTD 4', 'MR. WONG 4', '1', 'BUCKLES WITH BOCO', '1000', '7.6', '0.65', null, '3879', '900/425/KG');
INSERT INTO `manifest_data` VALUES ('929', '22', '26', 'JKT-A08', 'PC14392305', 'HENGFENG SHOES MATERIALS CO.LTD 5', 'MR. WONG 5', '1', 'BUCKLES WITH BOCO', '1000', '7.6', '0.65', null, '3879', '900/425/KG');
INSERT INTO `manifest_data` VALUES ('930', '22', '26', 'JKT-A08', 'PC14392306', 'HENGFENG SHOES MATERIALS CO.LTD 6', 'MR. WONG 6', '1', 'BUCKLES WITH BOCO', '1000', '7.6', '0.65', null, '3879', '900/425/KG');
INSERT INTO `manifest_data` VALUES ('931', '22', '26', 'JKT-A08', 'PC14392301', 'HENGFENG SHOES MATERIALS CO.LTD 1', 'MR. WONG 1', '1', 'BUCKLES WITH BOCO', '1000', '7.6', '0.65', null, '3879', '900/425/KG');
INSERT INTO `manifest_data` VALUES ('932', '22', '26', 'JKT-A08', 'PC14392302', 'HENGFENG SHOES MATERIALS CO.LTD 2', 'MR. WONG 2', '1', 'BUCKLES WITH BOCO', '1000', '7.6', '0.65', null, '3879', '900/425/KG');
INSERT INTO `manifest_data` VALUES ('933', '22', '26', 'JKT-A08', 'PC14392303', 'HENGFENG SHOES MATERIALS CO.LTD 3', 'MR. WONG 3', '1', 'BUCKLES WITH BOCO', '1000', '7.6', '0.65', null, '3879', '900/425/KG');
INSERT INTO `manifest_data` VALUES ('934', '22', '26', 'JKT-A08', 'PC14392304', 'HENGFENG SHOES MATERIALS CO.LTD 4', 'MR. WONG 4', '1', 'BUCKLES WITH BOCO', '1000', '7.6', '0.65', null, '3879', '900/425/KG');
INSERT INTO `manifest_data` VALUES ('935', '22', '26', 'JKT-A08', 'PC14392305', 'HENGFENG SHOES MATERIALS CO.LTD 5', 'MR. WONG 5', '1', 'BUCKLES WITH BOCO', '1000', '7.6', '0.65', null, '3879', '900/425/KG');
INSERT INTO `manifest_data` VALUES ('936', '22', '26', 'JKT-A08', 'PC14392306', 'HENGFENG SHOES MATERIALS CO.LTD 6', 'MR. WONG 6', '1', 'BUCKLES WITH BOCO', '1000', '7.6', '0.65', null, '3879', '900/425/KG');
INSERT INTO `manifest_data` VALUES ('937', '22', '26', 'JKT-A08', 'PC14392301', 'HENGFENG SHOES MATERIALS CO.LTD 1', 'MR. WONG 1', '1', 'BUCKLES WITH BOCO', '1000', '7.6', '0.65', null, '3879', '900/425/KG');
INSERT INTO `manifest_data` VALUES ('938', '22', '26', 'JKT-A08', 'PC14392302', 'HENGFENG SHOES MATERIALS CO.LTD 2', 'MR. WONG 2', '1', 'BUCKLES WITH BOCO', '1000', '7.6', '0.65', null, '3879', '900/425/KG');
INSERT INTO `manifest_data` VALUES ('939', '22', '26', 'JKT-A08', 'PC14392303', 'HENGFENG SHOES MATERIALS CO.LTD 3', 'MR. WONG 3', '1', 'BUCKLES WITH BOCO', '1000', '7.6', '0.65', null, '3879', '900/425/KG');
INSERT INTO `manifest_data` VALUES ('940', '22', '26', 'JKT-A08', 'PC14392304', 'HENGFENG SHOES MATERIALS CO.LTD 4', 'MR. WONG 4', '1', 'BUCKLES WITH BOCO', '1000', '7.6', '0.65', null, '3879', '900/425/KG');
INSERT INTO `manifest_data` VALUES ('941', '22', '26', 'JKT-A08', 'PC14392305', 'HENGFENG SHOES MATERIALS CO.LTD 5', 'MR. WONG 5', '1', 'BUCKLES WITH BOCO', '1000', '7.6', '0.65', null, '3879', '900/425/KG');
INSERT INTO `manifest_data` VALUES ('942', '22', '26', 'JKT-A08', 'PC14392306', 'HENGFENG SHOES MATERIALS CO.LTD 6', 'MR. WONG 6', '1', 'BUCKLES WITH BOCO', '1000', '7.6', '0.65', null, '3879', '900/425/KG');
INSERT INTO `manifest_data` VALUES ('943', '22', '26', 'JKT-A08', 'PC14392301', 'HENGFENG SHOES MATERIALS CO.LTD 1', 'MR. WONG 1', '1', 'BUCKLES WITH BOCO', '1000', '7.6', '0.65', null, '3879', '900/425/KG');
INSERT INTO `manifest_data` VALUES ('944', '22', '26', 'JKT-A08', 'PC14392302', 'HENGFENG SHOES MATERIALS CO.LTD 2', 'MR. WONG 2', '1', 'BUCKLES WITH BOCO', '1000', '7.6', '0.65', null, '3879', '900/425/KG');
INSERT INTO `manifest_data` VALUES ('945', '22', '26', 'JKT-A08', 'PC14392303', 'HENGFENG SHOES MATERIALS CO.LTD 3', 'MR. WONG 3', '1', 'BUCKLES WITH BOCO', '1000', '7.6', '0.65', null, '3879', '900/425/KG');
INSERT INTO `manifest_data` VALUES ('946', '22', '26', 'JKT-A08', 'PC14392304', 'HENGFENG SHOES MATERIALS CO.LTD 4', 'MR. WONG 4', '1', 'BUCKLES WITH BOCO', '1000', '7.6', '0.65', null, '3879', '900/425/KG');
INSERT INTO `manifest_data` VALUES ('947', '22', '26', 'JKT-A08', 'PC14392305', 'HENGFENG SHOES MATERIALS CO.LTD 5', 'MR. WONG 5', '1', 'BUCKLES WITH BOCO', '1000', '7.6', '0.65', null, '3879', '900/425/KG');
INSERT INTO `manifest_data` VALUES ('948', '22', '26', 'JKT-A08', 'PC14392306', 'HENGFENG SHOES MATERIALS CO.LTD 6', 'MR. WONG 6', '1', 'BUCKLES WITH BOCO', '1000', '7.6', '0.65', null, '3879', '900/425/KG');
INSERT INTO `manifest_data` VALUES ('949', '22', '26', 'JKT-A08', 'PC14392301', 'HENGFENG SHOES MATERIALS CO.LTD 1', 'MR. WONG 1', '1', 'BUCKLES WITH BOCO', '1000', '7.6', '0.65', null, '3879', '900/425/KG');
INSERT INTO `manifest_data` VALUES ('950', '22', '26', 'JKT-A08', 'PC14392302', 'HENGFENG SHOES MATERIALS CO.LTD 2', 'MR. WONG 2', '1', 'BUCKLES WITH BOCO', '1000', '7.6', '0.65', null, '3879', '900/425/KG');
INSERT INTO `manifest_data` VALUES ('951', '22', '26', 'JKT-A08', 'PC14392303', 'HENGFENG SHOES MATERIALS CO.LTD 3', 'MR. WONG 3', '1', 'BUCKLES WITH BOCO', '1000', '7.6', '0.65', null, '3879', '900/425/KG');
INSERT INTO `manifest_data` VALUES ('952', '22', '26', 'JKT-A08', 'PC14392304', 'HENGFENG SHOES MATERIALS CO.LTD 4', 'MR. WONG 4', '1', 'BUCKLES WITH BOCO', '1000', '7.6', '0.65', null, '3879', '900/425/KG');
INSERT INTO `manifest_data` VALUES ('953', '22', '26', 'JKT-A08', 'PC14392305', 'HENGFENG SHOES MATERIALS CO.LTD 5', 'MR. WONG 5', '1', 'BUCKLES WITH BOCO', '1000', '7.6', '0.65', null, '3879', '900/425/KG');
INSERT INTO `manifest_data` VALUES ('954', '22', '26', 'JKT-A08', 'PC14392306', 'HENGFENG SHOES MATERIALS CO.LTD 6', 'MR. WONG 6', '1', 'BUCKLES WITH BOCO', '1000', '7.6', '0.65', null, '3879', '900/425/KG');
INSERT INTO `manifest_data` VALUES ('955', '22', '26', 'JKT-A08', 'PC14392301', 'HENGFENG SHOES MATERIALS CO.LTD 1', 'MR. WONG 1', '1', 'BUCKLES WITH BOCO', '1000', '7.6', '0.65', null, '3879', '900/425/KG');
INSERT INTO `manifest_data` VALUES ('956', '22', '26', 'JKT-A08', 'PC14392302', 'HENGFENG SHOES MATERIALS CO.LTD 2', 'MR. WONG 2', '1', 'BUCKLES WITH BOCO', '1000', '7.6', '0.65', null, '3879', '900/425/KG');
INSERT INTO `manifest_data` VALUES ('957', '22', '26', 'JKT-A08', 'PC14392303', 'HENGFENG SHOES MATERIALS CO.LTD 3', 'MR. WONG 3', '1', 'BUCKLES WITH BOCO', '1000', '7.6', '0.65', null, '3879', '900/425/KG');
INSERT INTO `manifest_data` VALUES ('958', '22', '26', 'JKT-A08', 'PC14392304', 'HENGFENG SHOES MATERIALS CO.LTD 4', 'MR. WONG 4', '1', 'BUCKLES WITH BOCO', '1000', '7.6', '0.65', null, '3879', '900/425/KG');
INSERT INTO `manifest_data` VALUES ('959', '22', '26', 'JKT-A08', 'PC14392305', 'HENGFENG SHOES MATERIALS CO.LTD 5', 'MR. WONG 5', '1', 'BUCKLES WITH BOCO', '1000', '7.6', '0.65', null, '3879', '900/425/KG');
INSERT INTO `manifest_data` VALUES ('960', '22', '26', 'JKT-A08', 'PC14392306', 'HENGFENG SHOES MATERIALS CO.LTD 6', 'MR. WONG 6', '1', 'BUCKLES WITH BOCO', '1000', '7.6', '0.65', null, '3879', '900/425/KG');
INSERT INTO `manifest_data` VALUES ('961', '22', '26', 'JKT-A08', 'PC14392301', 'HENGFENG SHOES MATERIALS CO.LTD 1', 'MR. WONG 1', '1', 'BUCKLES WITH BOCO', '1000', '7.6', '0.65', null, '3879', '900/425/KG');
INSERT INTO `manifest_data` VALUES ('962', '22', '26', 'JKT-A08', 'PC14392302', 'HENGFENG SHOES MATERIALS CO.LTD 2', 'MR. WONG 2', '1', 'BUCKLES WITH BOCO', '1000', '7.6', '0.65', null, '3879', '900/425/KG');
INSERT INTO `manifest_data` VALUES ('963', '22', '26', 'JKT-A08', 'PC14392303', 'HENGFENG SHOES MATERIALS CO.LTD 3', 'MR. WONG 3', '1', 'BUCKLES WITH BOCO', '1000', '7.6', '0.65', null, '3879', '900/425/KG');
INSERT INTO `manifest_data` VALUES ('964', '22', '26', 'JKT-A08', 'PC14392304', 'HENGFENG SHOES MATERIALS CO.LTD 4', 'MR. WONG 4', '1', 'BUCKLES WITH BOCO', '1000', '7.6', '0.65', null, '3879', '900/425/KG');
INSERT INTO `manifest_data` VALUES ('965', '22', '26', 'JKT-A08', 'PC14392305', 'HENGFENG SHOES MATERIALS CO.LTD 5', 'MR. WONG 5', '1', 'BUCKLES WITH BOCO', '1000', '7.6', '0.65', null, '3879', '900/425/KG');
INSERT INTO `manifest_data` VALUES ('966', '22', '26', 'JKT-A08', 'PC14392306', 'HENGFENG SHOES MATERIALS CO.LTD 6', 'MR. WONG 6', '1', 'BUCKLES WITH BOCO', '1000', '7.6', '0.65', null, '3879', '900/425/KG');
INSERT INTO `manifest_data` VALUES ('967', '22', '26', 'JKT-A08', 'PC14392301', 'HENGFENG SHOES MATERIALS CO.LTD 1', 'MR. WONG 1', '1', 'BUCKLES WITH BOCO', '1000', '7.6', '0.65', null, '3879', '900/425/KG');
INSERT INTO `manifest_data` VALUES ('968', '22', '26', 'JKT-A08', 'PC14392302', 'HENGFENG SHOES MATERIALS CO.LTD 2', 'MR. WONG 2', '1', 'BUCKLES WITH BOCO', '1000', '7.6', '0.65', null, '3879', '900/425/KG');
INSERT INTO `manifest_data` VALUES ('969', '22', '26', 'JKT-A08', 'PC14392303', 'HENGFENG SHOES MATERIALS CO.LTD 3', 'MR. WONG 3', '1', 'BUCKLES WITH BOCO', '1000', '7.6', '0.65', null, '3879', '900/425/KG');
INSERT INTO `manifest_data` VALUES ('970', '22', '26', 'JKT-A08', 'PC14392304', 'HENGFENG SHOES MATERIALS CO.LTD 4', 'MR. WONG 4', '1', 'BUCKLES WITH BOCO', '1000', '7.6', '0.65', null, '3879', '900/425/KG');
INSERT INTO `manifest_data` VALUES ('971', '22', '26', 'JKT-A08', 'PC14392305', 'HENGFENG SHOES MATERIALS CO.LTD 5', 'MR. WONG 5', '1', 'BUCKLES WITH BOCO', '1000', '7.6', '0.65', null, '3879', '900/425/KG');
INSERT INTO `manifest_data` VALUES ('972', '22', '26', 'JKT-A08', 'PC14392306', 'HENGFENG SHOES MATERIALS CO.LTD 6', 'MR. WONG 6', '1', 'BUCKLES WITH BOCO', '1000', '7.6', '0.65', null, '3879', '900/425/KG');
INSERT INTO `manifest_data` VALUES ('973', '22', '26', 'JKT-A08', 'PC14392301', 'HENGFENG SHOES MATERIALS CO.LTD 1', 'MR. WONG 1', '1', 'BUCKLES WITH BOCO', '1000', '7.6', '0.65', null, '3879', '900/425/KG');
INSERT INTO `manifest_data` VALUES ('974', '22', '26', 'JKT-A08', 'PC14392302', 'HENGFENG SHOES MATERIALS CO.LTD 2', 'MR. WONG 2', '1', 'BUCKLES WITH BOCO', '1000', '7.6', '0.65', null, '3879', '900/425/KG');
INSERT INTO `manifest_data` VALUES ('975', '22', '26', 'JKT-A08', 'PC14392303', 'HENGFENG SHOES MATERIALS CO.LTD 3', 'MR. WONG 3', '1', 'BUCKLES WITH BOCO', '1000', '7.6', '0.65', null, '3879', '900/425/KG');
INSERT INTO `manifest_data` VALUES ('976', '22', '26', 'JKT-A08', 'PC14392304', 'HENGFENG SHOES MATERIALS CO.LTD 4', 'MR. WONG 4', '1', 'BUCKLES WITH BOCO', '1000', '7.6', '0.65', null, '3879', '900/425/KG');
INSERT INTO `manifest_data` VALUES ('977', '22', '26', 'JKT-A08', 'PC14392305', 'HENGFENG SHOES MATERIALS CO.LTD 5', 'MR. WONG 5', '1', 'BUCKLES WITH BOCO', '1000', '7.6', '0.65', null, '3879', '900/425/KG');
INSERT INTO `manifest_data` VALUES ('978', '22', '26', 'JKT-A08', 'PC14392306', 'HENGFENG SHOES MATERIALS CO.LTD 6', 'MR. WONG 6', '1', 'BUCKLES WITH BOCO', '1000', '7.6', '0.65', null, '3879', '900/425/KG');
INSERT INTO `manifest_data` VALUES ('979', '22', '26', 'JKT-A08', 'PC14392301', 'HENGFENG SHOES MATERIALS CO.LTD 1', 'MR. WONG 1', '1', 'BUCKLES WITH BOCO', '1000', '7.6', '0.65', null, '3879', '900/425/KG');
INSERT INTO `manifest_data` VALUES ('980', '22', '26', 'JKT-A08', 'PC14392302', 'HENGFENG SHOES MATERIALS CO.LTD 2', 'MR. WONG 2', '1', 'BUCKLES WITH BOCO', '1000', '7.6', '0.65', null, '3879', '900/425/KG');
INSERT INTO `manifest_data` VALUES ('981', '22', '26', 'JKT-A08', 'PC14392303', 'HENGFENG SHOES MATERIALS CO.LTD 3', 'MR. WONG 3', '1', 'BUCKLES WITH BOCO', '1000', '7.6', '0.65', null, '3879', '900/425/KG');
INSERT INTO `manifest_data` VALUES ('982', '22', '26', 'JKT-A08', 'PC14392304', 'HENGFENG SHOES MATERIALS CO.LTD 4', 'MR. WONG 4', '1', 'BUCKLES WITH BOCO', '1000', '7.6', '0.65', null, '3879', '900/425/KG');
INSERT INTO `manifest_data` VALUES ('983', '22', '26', 'JKT-A08', 'PC14392305', 'HENGFENG SHOES MATERIALS CO.LTD 5', 'MR. WONG 5', '1', 'BUCKLES WITH BOCO', '1000', '7.6', '0.65', null, '3879', '900/425/KG');
INSERT INTO `manifest_data` VALUES ('984', '22', '26', 'JKT-A08', 'PC14392306', 'HENGFENG SHOES MATERIALS CO.LTD 6', 'MR. WONG 6', '1', 'BUCKLES WITH BOCO', '1000', '7.6', '0.65', null, '3879', '900/425/KG');
INSERT INTO `manifest_data` VALUES ('985', '22', '26', 'JKT-A08', 'PC14392301', 'HENGFENG SHOES MATERIALS CO.LTD 1', 'MR. WONG 1', '1', 'BUCKLES WITH BOCO', '1000', '7.6', '0.65', null, '3879', '900/425/KG');
INSERT INTO `manifest_data` VALUES ('986', '22', '26', 'JKT-A08', 'PC14392302', 'HENGFENG SHOES MATERIALS CO.LTD 2', 'MR. WONG 2', '1', 'BUCKLES WITH BOCO', '1000', '7.6', '0.65', null, '3879', '900/425/KG');
INSERT INTO `manifest_data` VALUES ('987', '22', '26', 'JKT-A08', 'PC14392303', 'HENGFENG SHOES MATERIALS CO.LTD 3', 'MR. WONG 3', '1', 'BUCKLES WITH BOCO', '1000', '7.6', '0.65', null, '3879', '900/425/KG');
INSERT INTO `manifest_data` VALUES ('988', '22', '26', 'JKT-A08', 'PC14392304', 'HENGFENG SHOES MATERIALS CO.LTD 4', 'MR. WONG 4', '1', 'BUCKLES WITH BOCO', '1000', '7.6', '0.65', null, '3879', '900/425/KG');
INSERT INTO `manifest_data` VALUES ('989', '22', '26', 'JKT-A08', 'PC14392305', 'HENGFENG SHOES MATERIALS CO.LTD 5', 'MR. WONG 5', '1', 'BUCKLES WITH BOCO', '1000', '7.6', '0.65', null, '3879', '900/425/KG');
INSERT INTO `manifest_data` VALUES ('990', '22', '26', 'JKT-A08', 'PC14392306', 'HENGFENG SHOES MATERIALS CO.LTD 6', 'MR. WONG 6', '1', 'BUCKLES WITH BOCO', '1000', '7.6', '0.65', null, '3879', '900/425/KG');
INSERT INTO `manifest_data` VALUES ('991', '22', '26', 'JKT-A08', 'PC14392301', 'HENGFENG SHOES MATERIALS CO.LTD 1', 'MR. WONG 1', '1', 'BUCKLES WITH BOCO', '1000', '7.6', '0.65', null, '3879', '900/425/KG');
INSERT INTO `manifest_data` VALUES ('992', '22', '26', 'JKT-A08', 'PC14392302', 'HENGFENG SHOES MATERIALS CO.LTD 2', 'MR. WONG 2', '1', 'BUCKLES WITH BOCO', '1000', '7.6', '0.65', null, '3879', '900/425/KG');
INSERT INTO `manifest_data` VALUES ('993', '22', '26', 'JKT-A08', 'PC14392303', 'HENGFENG SHOES MATERIALS CO.LTD 3', 'MR. WONG 3', '1', 'BUCKLES WITH BOCO', '1000', '7.6', '0.65', null, '3879', '900/425/KG');
INSERT INTO `manifest_data` VALUES ('994', '22', '26', 'JKT-A08', 'PC14392304', 'HENGFENG SHOES MATERIALS CO.LTD 4', 'MR. WONG 4', '1', 'BUCKLES WITH BOCO', '1000', '7.6', '0.65', null, '3879', '900/425/KG');
INSERT INTO `manifest_data` VALUES ('995', '22', '26', 'JKT-A08', 'PC14392305', 'HENGFENG SHOES MATERIALS CO.LTD 5', 'MR. WONG 5', '1', 'BUCKLES WITH BOCO', '1000', '7.6', '0.65', null, '3879', '900/425/KG');
INSERT INTO `manifest_data` VALUES ('996', '22', '26', 'JKT-A08', 'PC14392306', 'HENGFENG SHOES MATERIALS CO.LTD 6', 'MR. WONG 6', '1', 'BUCKLES WITH BOCO', '1000', '7.6', '0.65', null, '3879', '900/425/KG');
INSERT INTO `manifest_data` VALUES ('997', '22', '26', 'JKT-A08', 'PC14392301', 'HENGFENG SHOES MATERIALS CO.LTD 1', 'MR. WONG 1', '1', 'BUCKLES WITH BOCO', '1000', '7.6', '0.65', null, '3879', '900/425/KG');
INSERT INTO `manifest_data` VALUES ('998', '22', '26', 'JKT-A08', 'PC14392302', 'HENGFENG SHOES MATERIALS CO.LTD 2', 'MR. WONG 2', '1', 'BUCKLES WITH BOCO', '1000', '7.6', '0.65', null, '3879', '900/425/KG');
INSERT INTO `manifest_data` VALUES ('999', '22', '26', 'JKT-A08', 'PC14392303', 'HENGFENG SHOES MATERIALS CO.LTD 3', 'MR. WONG 3', '1', 'BUCKLES WITH BOCO', '1000', '7.6', '0.65', null, '3879', '900/425/KG');
INSERT INTO `manifest_data` VALUES ('1000', '22', '26', 'JKT-A08', 'PC14392304', 'HENGFENG SHOES MATERIALS CO.LTD 4', 'MR. WONG 4', '1', 'BUCKLES WITH BOCO', '1000', '7.6', '0.65', null, '3879', '900/425/KG');
INSERT INTO `manifest_data` VALUES ('1001', '23', '27', 'JKT-A08', 'PC14392301', 'HENGFENG SHOES MATERIALS CO.LTD 1', 'MR. WONG 1', '1', 'BUCKLES WITH BOCO', '1000', '7.6', '0.65', null, '3879', '900/425/KG');
INSERT INTO `manifest_data` VALUES ('1002', '23', '27', 'JKT-A08', 'PC14392302', 'HENGFENG SHOES MATERIALS CO.LTD 2', 'MR. WONG 2', '1', 'BUCKLES WITH BOCO', '1000', '7.6', '0.65', null, '3879', '900/425/KG');
INSERT INTO `manifest_data` VALUES ('1003', '23', '27', 'JKT-A08', 'PC14392303', 'HENGFENG SHOES MATERIALS CO.LTD 3', 'MR. WONG 3', '1', 'BUCKLES WITH BOCO', '1000', '7.6', '0.65', null, '3879', '900/425/KG');
INSERT INTO `manifest_data` VALUES ('1004', '23', '27', 'JKT-A08', 'PC14392304', 'HENGFENG SHOES MATERIALS CO.LTD 4', 'MR. WONG 4', '1', 'BUCKLES WITH BOCO', '1000', '7.6', '0.65', null, '3879', '900/425/KG');
INSERT INTO `manifest_data` VALUES ('1005', '23', '27', 'JKT-A08', 'PC14392305', 'HENGFENG SHOES MATERIALS CO.LTD 5', 'MR. WONG 5', '1', 'BUCKLES WITH BOCO', '1000', '7.6', '0.65', null, '3879', '900/425/KG');
INSERT INTO `manifest_data` VALUES ('1006', '23', '27', 'JKT-A08', 'PC14392306', 'HENGFENG SHOES MATERIALS CO.LTD 6', 'MR. WONG 6', '1', 'BUCKLES WITH BOCO', '1000', '7.6', '0.65', null, '3879', '900/425/KG');
INSERT INTO `manifest_data` VALUES ('1007', '24', '28', 'JKT-A08', 'PC14392301', 'HENGFENG SHOES MATERIALS CO.LTD 1', 'MR. WONG 1', '1', 'BUCKLES WITH BOCO', '1000', '7.6', '0.65', null, '3879', '900/425/KG');
INSERT INTO `manifest_data` VALUES ('1008', '24', '28', 'JKT-A08', 'PC14392302', 'HENGFENG SHOES MATERIALS CO.LTD 2', 'MR. WONG 2', '1', 'BUCKLES WITH BOCO', '1000', '7.6', '0.65', null, '3879', '900/425/KG');
INSERT INTO `manifest_data` VALUES ('1009', '24', '28', 'JKT-A08', 'PC14392303', 'HENGFENG SHOES MATERIALS CO.LTD 3', 'MR. WONG 3', '1', 'BUCKLES WITH BOCO', '1000', '7.6', '0.65', null, '3879', '900/425/KG');
INSERT INTO `manifest_data` VALUES ('1010', '24', '28', 'JKT-A08', 'PC14392304', 'HENGFENG SHOES MATERIALS CO.LTD 4', 'MR. WONG 4', '1', 'BUCKLES WITH BOCO', '1000', '7.6', '0.65', null, '3879', '900/425/KG');
INSERT INTO `manifest_data` VALUES ('1011', '24', '28', 'JKT-A08', 'PC14392305', 'HENGFENG SHOES MATERIALS CO.LTD 5', 'MR. WONG 5', '1', 'BUCKLES WITH BOCO', '1000', '7.6', '0.65', null, '3879', '900/425/KG');
INSERT INTO `manifest_data` VALUES ('1012', '24', '28', 'JKT-A08', 'PC14392306', 'HENGFENG SHOES MATERIALS CO.LTD 6', 'MR. WONG 6', '1', 'BUCKLES WITH BOCO', '1000', '7.6', '0.65', null, '3879', '900/425/KG');
INSERT INTO `manifest_data` VALUES ('1013', '25', '29', 'JKT-A08', 'PC14392301', 'HENGFENG SHOES MATERIALS CO.LTD 1', 'MR. WONG 1', '1', 'BUCKLES WITH BOCO', '1000', '7.6', '0.65', null, '3879', '900/425/KG');
INSERT INTO `manifest_data` VALUES ('1014', '25', '29', 'JKT-A08', 'PC14392302', 'HENGFENG SHOES MATERIALS CO.LTD 2', 'MR. WONG 2', '1', 'BUCKLES WITH BOCO', '1000', '7.6', '0.65', null, '3879', '900/425/KG');
INSERT INTO `manifest_data` VALUES ('1015', '25', '29', 'JKT-A08', 'PC14392303', 'HENGFENG SHOES MATERIALS CO.LTD 3', 'MR. WONG 3', '1', 'BUCKLES WITH BOCO', '1000', '7.6', '0.65', null, '3879', '900/425/KG');
INSERT INTO `manifest_data` VALUES ('1016', '25', '29', 'JKT-A08', 'PC14392304', 'HENGFENG SHOES MATERIALS CO.LTD 4', 'MR. WONG 4', '1', 'BUCKLES WITH BOCO', '1000', '7.6', '0.65', null, '3879', '900/425/KG');
INSERT INTO `manifest_data` VALUES ('1017', '25', '29', 'JKT-A08', 'PC14392305', 'HENGFENG SHOES MATERIALS CO.LTD 5', 'MR. WONG 5', '1', 'BUCKLES WITH BOCO', '1000', '7.6', '0.65', null, '3879', '900/425/KG');
INSERT INTO `manifest_data` VALUES ('1018', '25', '29', 'JKT-A08', 'PC14392306', 'HENGFENG SHOES MATERIALS CO.LTD 6', 'MR. WONG 6', '1', 'BUCKLES WITH BOCO', '1000', '7.6', '0.65', null, '3879', '900/425/KG');

-- ----------------------------
-- Table structure for `manifest_details`
-- ----------------------------
DROP TABLE IF EXISTS `manifest_details`;
CREATE TABLE `manifest_details` (
  `manifest_id` int(10) NOT NULL AUTO_INCREMENT,
  `file_id` int(11) NOT NULL DEFAULT '0',
  `consign_to` varchar(255) DEFAULT NULL,
  `mawb_no` varchar(255) DEFAULT NULL,
  `flight_no` varchar(255) DEFAULT NULL,
  `flight_from` varchar(255) DEFAULT NULL,
  `flight_to` varchar(255) DEFAULT NULL,
  PRIMARY KEY (`manifest_id`,`file_id`)
) ENGINE=InnoDB AUTO_INCREMENT=26 DEFAULT CHARSET=utf8;

-- ----------------------------
-- Records of manifest_details
-- ----------------------------
INSERT INTO `manifest_details` VALUES ('1', '5', 'asdalsdkn', 'knl', 'nln', 'kl', 'nl');
INSERT INTO `manifest_details` VALUES ('2', '6', 'asdalsdkn', 'knl', 'nln', 'kl', 'nl');
INSERT INTO `manifest_details` VALUES ('3', '7', 'asdalsdkn', 'knl', 'nln', 'kl', 'nl');
INSERT INTO `manifest_details` VALUES ('4', '8', 'asdalsdkn', 'knl', 'nln', 'kl', 'nl');
INSERT INTO `manifest_details` VALUES ('5', '9', 'asdalsdkn', 'knl', 'nln', 'kl', 'nl');
INSERT INTO `manifest_details` VALUES ('6', '10', 'asdalsdkn', 'knl', 'nln', 'kl', 'nl');
INSERT INTO `manifest_details` VALUES ('7', '11', 'asdalsdkn', 'knl', 'nln', 'kl', 'nl');
INSERT INTO `manifest_details` VALUES ('8', '12', 'asdalsdkn', 'knl', 'nln', 'kl', 'nl');
INSERT INTO `manifest_details` VALUES ('9', '13', 'asdalsdkn', 'knl', 'nln', 'kl', 'nl');
INSERT INTO `manifest_details` VALUES ('10', '14', 'asdalsdkn', 'knl', 'nln', 'kl', 'nl');
INSERT INTO `manifest_details` VALUES ('11', '15', 'jijio', 'joij', 'oij', 'oij', 'oij');
INSERT INTO `manifest_details` VALUES ('12', '16', 'jijio', 'joij', 'oij', 'oij', 'oij');
INSERT INTO `manifest_details` VALUES ('13', '17', 'jijio', 'joij', 'oij', 'oij', 'oij');
INSERT INTO `manifest_details` VALUES ('14', '18', 'sdasdsan', 'huh', 'uhui', 'hui', 'hi');
INSERT INTO `manifest_details` VALUES ('15', '19', 'sdasdsan', 'huh', 'uhui', 'hui', 'hi');
INSERT INTO `manifest_details` VALUES ('16', '20', 'kukb', 'bkj', 'bkjb', 'kjb', 'kjb');
INSERT INTO `manifest_details` VALUES ('17', '21', 'kukb', 'bkj', 'bkjb', 'kjb', 'kjb');
INSERT INTO `manifest_details` VALUES ('18', '22', 'h', 'lh', 'lkh', 'lkh', 'jk');
INSERT INTO `manifest_details` VALUES ('19', '23', 'h', 'lh', 'lkh', 'lkh', 'jk');
INSERT INTO `manifest_details` VALUES ('20', '24', 'h', 'u', 'ug', 'ug', 'uig');
INSERT INTO `manifest_details` VALUES ('21', '25', 'h', 'u', 'ug', 'ug', 'uig');
INSERT INTO `manifest_details` VALUES ('22', '26', 'aksjdlasdln', 'lk', 'lknlk', 'nlk', 'nl');
INSERT INTO `manifest_details` VALUES ('23', '27', '', '', '', '', '');
INSERT INTO `manifest_details` VALUES ('24', '28', 'dasd', 'hhj', 'gjh', 'Taiwan', 'Taiwan');
INSERT INTO `manifest_details` VALUES ('25', '29', 'sdasdl;askd;lk', 'lk', 'l;k;l', 'Taiwan', 'Taiwan');

-- ----------------------------
-- Table structure for `users`
-- ----------------------------
DROP TABLE IF EXISTS `users`;
CREATE TABLE `users` (
  `user_id` int(10) NOT NULL DEFAULT '0',
  `username` varchar(20) DEFAULT NULL,
  `password` varchar(100) DEFAULT NULL,
  `type` enum('Admin','User') DEFAULT 'User',
  PRIMARY KEY (`user_id`)
) ENGINE=InnoDB DEFAULT CHARSET=utf8;

-- ----------------------------
-- Records of users
-- ----------------------------
